2026-10-02T10:46:43.4538710Z Current runner version: '2.337.0'
2026-10-02T10:46:43.4570480Z ##[group]Runner Image Provisioner
2026-10-02T10:46:43.4571300Z Hosted Compute Agent
2026-10-02T10:46:43.4571730Z Version: 20260828.587
2026-10-02T10:46:43.4572150Z Commit: abac92662cab4cc7352de4f9f9d2e2419aad9c29
2026-10-02T10:46:43.4574090Z Build Date: 2026-08-28T16:44:25Z
2026-10-02T10:46:43.4575370Z Worker ID: {3f31455c-799d-4087-acb9-cf8ed11f250a}
2026-10-02T10:46:43.4576680Z Azure Region: westus
2026-10-02T10:46:43.4577660Z ##[endgroup]
2026-10-02T10:46:43.4579620Z ##[group]Operating System
2026-10-02T10:46:43.4580110Z macOS
2026-10-02T10:46:43.4580510Z 15.7.9
2026-10-02T10:46:43.4580850Z 24G830
2026-10-02T10:46:43.4581200Z ##[endgroup]
2026-10-02T10:46:43.4582440Z ##[group]Runner Image
2026-10-02T10:46:43.4582830Z Image: macos-15-arm64
2026-10-02T10:46:43.4583210Z Version: 20260907.0337.1
2026-10-02T10:46:43.4584510Z Included Software: https://github.com/actions/runner-images/blob/macos-15-arm64/20260907.0337/images/macos/macos-15-arm64-Readme.md
2026-10-02T10:46:43.4587320Z Image Release: https://github.com/actions/runner-images/releases/tag/macos-15-arm64%2F20260907.0337
2026-10-02T10:46:43.4588600Z ##[endgroup]
2026-10-02T10:46:43.4589400Z ##[group]GITHUB_TOKEN Permissions
2026-10-02T10:46:43.4591250Z Contents: read
2026-10-02T10:46:43.4591610Z Metadata: read
2026-10-02T10:46:43.4591960Z ##[endgroup]
2026-10-02T10:46:43.4593540Z Secret source: Actions
2026-10-02T10:46:43.4594120Z Cache mode: write
2026-10-02T10:46:43.4594580Z Prepare workflow directory
2026-10-02T10:46:43.4920190Z Prepare all required actions
2026-10-02T10:46:43.4990040Z Getting action download info
2026-10-02T10:46:43.9631600Z Download action repository 'actions/checkout@11d5960a326750d5838078e36cf38b85af677262' (SHA:11d5960a326750d5838078e36cf38b85af677262)
2026-10-02T10:46:44.3073800Z Download action repository 'oven-sh/setup-bun@0c5077e51419868618aeaa5fe8019c62421857d6' (SHA:0c5077e51419868618aeaa5fe8019c62421857d6)
2026-10-02T10:46:44.8764110Z Complete job name: macos
2026-10-02T10:46:44.9331350Z ##[group]Run actions/checkout@11d5960a326750d5838078e36cf38b85af677262
2026-10-02T10:46:44.9332250Z with:
2026-10-02T10:46:44.9332590Z   repository: zubair-io/Sugar-Maple
2026-10-02T10:46:44.9335420Z   token: ***
2026-10-02T10:46:44.9335770Z   ssh-strict: true
2026-10-02T10:46:44.9336170Z   ssh-user: git
2026-10-02T10:46:44.9336510Z   persist-credentials: true
2026-10-02T10:46:44.9336910Z   clean: true
2026-10-02T10:46:44.9337290Z   sparse-checkout-cone-mode: true
2026-10-02T10:46:44.9337670Z   fetch-depth: 1
2026-10-02T10:46:44.9338060Z   fetch-tags: false
2026-10-02T10:46:44.9338810Z   show-progress: true
2026-10-02T10:46:44.9339200Z   lfs: false
2026-10-02T10:46:44.9340590Z   submodules: false
2026-10-02T10:46:44.9341050Z   set-safe-directory: true
2026-10-02T10:46:44.9341800Z   allow-unsafe-pr-checkout: false
2026-10-02T10:46:44.9342690Z ##[endgroup]
2026-10-02T10:46:45.3643180Z Syncing repository: zubair-io/Sugar-Maple
2026-10-02T10:46:45.3644950Z ##[group]Getting Git version info
2026-10-02T10:46:45.3645670Z Working directory is '/Users/runner/work/Sugar-Maple/Sugar-Maple'
2026-10-02T10:46:45.3646440Z [command]/opt/homebrew/bin/git version
2026-10-02T10:46:45.4187930Z git version 2.55.0
2026-10-02T10:46:45.4207190Z ##[endgroup]
2026-10-02T10:46:45.4218110Z Copying '/Users/runner/.gitconfig' to '/Users/runner/work/_temp/93b706f4-78a1-490b-8b85-a8dc8ec5a556/.gitconfig'
2026-10-02T10:46:45.4226320Z Temporarily overriding HOME='/Users/runner/work/_temp/93b706f4-78a1-490b-8b85-a8dc8ec5a556' before making global git config changes
2026-10-02T10:46:45.4228260Z Adding repository directory to the temporary git global config as a safe directory
2026-10-02T10:46:45.4233040Z [command]/opt/homebrew/bin/git config --global --add safe.directory /Users/runner/work/Sugar-Maple/Sugar-Maple
2026-10-02T10:46:45.4357460Z Deleting the contents of '/Users/runner/work/Sugar-Maple/Sugar-Maple'
2026-10-02T10:46:45.4362220Z ##[group]Initializing the repository
2026-10-02T10:46:45.4371160Z [command]/opt/homebrew/bin/git init /Users/runner/work/Sugar-Maple/Sugar-Maple
2026-10-02T10:46:45.4695290Z hint: Using 'master' as the name for the initial branch. This default branch name
2026-10-02T10:46:45.4697840Z hint: will change to "main" in Git 3.0. To configure the initial branch name
2026-10-02T10:46:45.4700210Z hint: to use in all of your new repositories, which will suppress this warning,
2026-10-02T10:46:45.4701870Z hint: call:
2026-10-02T10:46:45.4702800Z hint:
2026-10-02T10:46:45.4703920Z hint: 	git config --global init.defaultBranch <name>
2026-10-02T10:46:45.4705240Z hint:
2026-10-02T10:46:45.4706510Z hint: Names commonly chosen instead of 'master' are 'main', 'trunk' and
2026-10-02T10:46:45.4708440Z hint: 'development'. The just-created branch can be renamed via this command:
2026-10-02T10:46:45.4710000Z hint:
2026-10-02T10:46:45.4710890Z hint: 	git branch -m <name>
2026-10-02T10:46:45.4711930Z hint:
2026-10-02T10:46:45.4713280Z hint: Disable this message with "git config set advice.defaultBranchName false"
2026-10-02T10:46:45.4715860Z Initialized empty Git repository in /Users/runner/work/Sugar-Maple/Sugar-Maple/.git/
2026-10-02T10:46:45.4720160Z [command]/opt/homebrew/bin/git remote add origin https://github.com/zubair-io/Sugar-Maple
2026-10-02T10:46:45.4816040Z ##[endgroup]
2026-10-02T10:46:45.4816690Z ##[group]Disabling automatic garbage collection
2026-10-02T10:46:45.4826190Z [command]/opt/homebrew/bin/git config --local gc.auto 0
2026-10-02T10:46:45.4931190Z ##[endgroup]
2026-10-02T10:46:45.4931980Z ##[group]Setting up auth
2026-10-02T10:46:45.4943180Z [command]/opt/homebrew/bin/git config --local --name-only --get-regexp core\.sshCommand
2026-10-02T10:46:45.5049540Z [command]/opt/homebrew/bin/git submodule foreach --recursive sh -c "git config --local --name-only --get-regexp 'core\.sshCommand' && git config --local --unset-all 'core.sshCommand' || :"
2026-10-02T10:46:45.6864350Z [command]/opt/homebrew/bin/git config --local --name-only --get-regexp http\.https\:\/\/github\.com\/\.extraheader
2026-10-02T10:46:45.6890830Z [command]/opt/homebrew/bin/git submodule foreach --recursive sh -c "git config --local --name-only --get-regexp 'http\.https\:\/\/github\.com\/\.extraheader' && git config --local --unset-all 'http.https://github.com/.extraheader' || :"
2026-10-02T10:46:45.7938670Z [command]/opt/homebrew/bin/git config --local --name-only --get-regexp ^includeIf\.gitdir:
2026-10-02T10:46:45.8038840Z [command]/opt/homebrew/bin/git submodule foreach --recursive git config --local --show-origin --name-only --get-regexp remote.origin.url
2026-10-02T10:46:45.9700070Z [command]/opt/homebrew/bin/git config --local http.https://github.com/.extraheader AUTHORIZATION: basic ***
2026-10-02T10:46:45.9822400Z ##[endgroup]
2026-10-02T10:46:45.9823280Z ##[group]Fetching the repository
2026-10-02T10:46:45.9824550Z [command]/opt/homebrew/bin/git -c protocol.version=2 fetch --no-tags --prune --no-recurse-submodules --depth=1 origin +5e2b9aab7ec68e0f86c41ef323f2516316c759d0:refs/remotes/pull/85/merge
2026-10-02T10:46:47.7764670Z From https://github.com/zubair-io/Sugar-Maple
2026-10-02T10:46:47.7766120Z  * [new ref]         5e2b9aab7ec68e0f86c41ef323f2516316c759d0 -> pull/85/merge
2026-10-02T10:46:47.7773100Z ##[endgroup]
2026-10-02T10:46:47.7774070Z ##[group]Determining the checkout info
2026-10-02T10:46:47.7776870Z ##[endgroup]
2026-10-02T10:46:47.7782940Z [command]/opt/homebrew/bin/git sparse-checkout disable
2026-10-02T10:46:47.7879030Z [command]/opt/homebrew/bin/git config --local --unset-all extensions.worktreeConfig
2026-10-02T10:46:47.7972330Z ##[group]Checking out the ref
2026-10-02T10:46:47.7975550Z [command]/opt/homebrew/bin/git checkout --progress --force refs/remotes/pull/85/merge
2026-10-02T10:46:48.2473150Z HEAD is now at 5e2b9aa Merge 0f46d8129ddc3f6f8b433ca82e3c62d067ebc146 into edd130af96c292c325792c6de9bb0ed8c19974d1
2026-10-02T10:46:48.2795360Z ##[endgroup]
2026-10-02T10:46:48.2910170Z [command]/opt/homebrew/bin/git log -1 --format=%H
2026-10-02T10:46:48.3045620Z 5e2b9aab7ec68e0f86c41ef323f2516316c759d0
2026-10-02T10:46:48.3643650Z ##[group]Run oven-sh/setup-bun@0c5077e51419868618aeaa5fe8019c62421857d6
2026-10-02T10:46:48.3645000Z with:
2026-10-02T10:46:48.3645680Z   bun-version: 1.4.2
2026-10-02T10:46:48.3646390Z   no-cache: false
2026-10-02T10:46:48.3653510Z   token: ***
2026-10-02T10:46:48.3654280Z ##[endgroup]
2026-10-02T10:46:48.8567110Z Cache hit for: bun-q9QmESoiI7cwLvhPM7UOBEdVaSY=
2026-10-02T10:46:50.1635630Z Received 0 of 23912748 (0.0%), 0.0 MBs/sec
2026-10-02T10:46:50.6159580Z Received 23912748 of 23912748 (100.0%), 15.7 MBs/sec
2026-10-02T10:46:50.6182700Z Cache Size: ~23 MB (23912748 B)
2026-10-02T10:46:50.6213720Z [command]/opt/homebrew/bin/gtar -xf /Users/runner/work/_temp/892870de-bd61-4eeb-98e3-ae304f786214/cache.tzst -P -C /Users/runner/work/Sugar-Maple/Sugar-Maple --delay-directory-restore --use-compress-program unzstd
2026-10-02T10:46:50.8505430Z Cache restored successfully
2026-10-02T10:46:50.8664810Z [command]/Users/runner/.bun/bin/bun --revision
2026-10-02T10:46:50.8970480Z 1.4.2+744846f84
2026-10-02T10:46:50.9018980Z Using a cached version of Bun: 1.4.2+744846f84
2026-10-02T10:46:50.9268460Z ##[group]Run bun install --frozen-lockfile
2026-10-02T10:46:50.9269150Z [36;1mbun install --frozen-lockfile[0m
2026-10-02T10:46:50.9385770Z shell: /bin/bash -e {0}
2026-10-02T10:46:50.9386130Z ##[endgroup]
2026-10-02T10:46:51.0647910Z bun install v1.4.2 (744846f84)
2026-10-02T10:47:00.1004550Z 
2026-10-02T10:47:00.1007100Z + @angular/cli@22.1.8
2026-10-02T10:47:00.1008990Z + @modelcontextprotocol/sdk@1.30.0
2026-10-02T10:47:00.1010190Z + @socketsecurity/bun-security-scanner@1.1.2
2026-10-02T10:47:00.1011260Z + bun@1.4.2
2026-10-02T10:47:00.1012210Z + node@26.9.0
2026-10-02T10:47:00.1012710Z 
2026-10-02T10:47:00.1013410Z 324 packages installed [9.04s]
2026-10-02T10:47:00.1205480Z ##[group]Run xcodebuild -version
2026-10-02T10:47:00.1205850Z [36;1mxcodebuild -version[0m
2026-10-02T10:47:00.1272180Z shell: /bin/bash -e {0}
2026-10-02T10:47:00.1273530Z ##[endgroup]
2026-10-02T10:47:00.6791540Z Xcode 16.4
2026-10-02T10:47:00.6815010Z Build version 16F6
2026-10-02T10:47:00.6855620Z ##[group]Run bun run build:mac
2026-10-02T10:47:00.6856010Z [36;1mbun run build:mac[0m
2026-10-02T10:47:00.6926470Z shell: /bin/bash -e {0}
2026-10-02T10:47:00.6927220Z ##[endgroup]
2026-10-02T10:47:00.7594190Z $ bun tools/build-mac.ts
2026-10-02T10:47:00.8724320Z $ bun run --cwd src/web build
2026-10-02T10:47:00.8825350Z $ bun --bun ../../node_modules/@angular/cli/bin/ng.js build --base-href ./
2026-10-02T10:47:02.1714530Z ❯ Building...
2026-10-02T10:47:15.8968760Z ✔ Building...
2026-10-02T10:47:15.8984930Z Initial chunk files | Names                       |  Raw size | Estimated transfer size
2026-10-02T10:47:15.8985860Z main-7F76SWAH.js    | main                        | 179.77 kB |                52.46 kB
2026-10-02T10:47:15.8986900Z styles-3L4SZE66.css | styles                      |  26.88 kB |                 4.63 kB
2026-10-02T10:47:15.8987520Z 
2026-10-02T10:47:15.8987840Z                     | Initial total               | 206.65 kB |                57.09 kB
2026-10-02T10:47:15.9255320Z [33m▲ [43;33m[[43;30mWARNING[43;33m][0m [1msrc/app/app.scss exceeded maximum budget. Budget 4.00 kB was not met by 3.65 kB with a total of 7.65 kB.[0m
2026-10-02T10:47:15.9256270Z 
2026-10-02T10:47:15.9324060Z 
2026-10-02T10:47:15.9324630Z Lazy chunk files    | Names                       |  Raw size | Estimated transfer size
2026-10-02T10:47:15.9362930Z 
2026-10-02T10:47:15.9364150Z chunk-D87mVh7q.js   | -                           | 405.40 kB |                81.76 kB
2026-10-02T10:47:15.9366450Z chunk-yo8Byjsb.js   | app                         | 332.51 kB |                81.81 kB
2026-10-02T10:47:15.9367210Z chunk-BPsYBB75.js   | -                           |  55.97 kB |                13.85 kB
2026-10-02T10:47:15.9368090Z chunk-Ddp1pHpt.js   | sugar-maple-chrome-specimen |   7.72 kB |                 2.39 kB
2026-10-02T10:47:15.9369030Z chunk-DneBCLWq.js   | preview-application         |   2.50 kB |                 1.12 kB
2026-10-02T10:47:15.9375900Z 
2026-10-02T10:47:15.9376310Z Application bundle generation complete. [13.724 seconds] - 2026-10-02T10:47:15.895Z
2026-10-02T10:47:15.9376740Z 
2026-10-02T10:47:15.9376980Z Output location: /Users/runner/work/Sugar-Maple/Sugar-Maple/src/web/dist/sugar-maple-editor
2026-10-02T10:47:15.9377490Z 
2026-10-02T10:47:20.0764160Z Command line invocation:
2026-10-02T10:47:20.0786680Z     /Applications/Xcode_16.4.app/Contents/Developer/usr/bin/xcodebuild -project "src/apple/Sugar Maple.xcodeproj" -scheme "Sugar Maple" -configuration Debug -destination platform=macOS -derivedDataPath build/DerivedData CODE_SIGNING_ALLOWED=NO build
2026-10-02T10:47:20.0788000Z 
2026-10-02T10:47:20.0788280Z Build settings from command line:
2026-10-02T10:47:20.0797190Z     CODE_SIGNING_ALLOWED = NO
2026-10-02T10:47:20.0797710Z 
2026-10-02T10:47:23.6051090Z --- xcodebuild: WARNING: Using the first of multiple matching destinations:
2026-10-02T10:47:23.6085230Z { platform:macOS, arch:arm64, id:873f16d35b7fef11cc91cda51b5dbd5d9e12c6ec, name:My Mac }
2026-10-02T10:47:23.6094400Z { platform:macOS, arch:x86_64, id:873f16d35b7fef11cc91cda51b5dbd5d9e12c6ec, name:My Mac }
2026-10-02T10:47:25.1626530Z ComputePackagePrebuildTargetDependencyGraph
2026-10-02T10:47:25.2351080Z 
2026-10-02T10:47:25.2377400Z Prepare packages
2026-10-02T10:47:25.2378370Z 
2026-10-02T10:47:25.2400300Z CreateBuildRequest
2026-10-02T10:47:25.2401140Z 
2026-10-02T10:47:25.2401820Z SendProjectDescription
2026-10-02T10:47:25.2553270Z 
2026-10-02T10:47:25.2553960Z CreateBuildOperation
2026-10-02T10:47:25.2670140Z 
2026-10-02T10:47:25.2691240Z ComputeTargetDependencyGraph
2026-10-02T10:47:25.2957500Z note: Building targets in dependency order
2026-10-02T10:47:25.2991920Z note: Target dependency graph (1 target)
2026-10-02T10:47:25.2992970Z     Target 'Sugar Maple' in project 'Sugar Maple' (no dependencies)
2026-10-02T10:47:25.2993380Z 
2026-10-02T10:47:25.2993570Z GatherProvisioningInputs
2026-10-02T10:47:25.2993870Z 
2026-10-02T10:47:25.3044240Z CreateBuildDescription
2026-10-02T10:47:25.3241290Z 
2026-10-02T10:47:25.3244390Z ExecuteExternalTool /Applications/Xcode_16.4.app/Contents/Developer/usr/bin/actool --version --output-format xml1
2026-10-02T10:47:30.5954070Z 
2026-10-02T10:47:30.5969170Z ExecuteExternalTool /Applications/Xcode_16.4.app/Contents/Developer/Toolchains/XcodeDefault.xctoolchain/usr/bin/clang -v -E -dM -isysroot /Applications/Xcode_16.4.app/Contents/Developer/Platforms/MacOSX.platform/Developer/SDKs/MacOSX15.5.sdk -x c -c /dev/null
2026-10-02T10:47:30.5979170Z 
2026-10-02T10:47:30.5981350Z ExecuteExternalTool /Applications/Xcode_16.4.app/Contents/Developer/Toolchains/XcodeDefault.xctoolchain/usr/bin/swiftc --version
2026-10-02T10:47:31.8980740Z 
2026-10-02T10:47:31.9188380Z ExecuteExternalTool /Applications/Xcode_16.4.app/Contents/Developer/Toolchains/XcodeDefault.xctoolchain/usr/bin/ld -version_details
2026-10-02T10:47:32.1218900Z 
2026-10-02T10:47:32.1576020Z Build description signature: 9004ccc6a7640daf4ea2406ec0f3bdda
2026-10-02T10:47:32.1592330Z Build description path: /Users/runner/work/Sugar-Maple/Sugar-Maple/build/DerivedData/Build/Intermediates.noindex/XCBuildData/9004ccc6a7640daf4ea2406ec0f3bdda.xcbuilddata
2026-10-02T10:47:32.2297740Z CreateBuildDirectory /Users/runner/work/Sugar-Maple/Sugar-Maple/build/DerivedData/Build/Products
2026-10-02T10:47:32.2402930Z     cd /Users/runner/work/Sugar-Maple/Sugar-Maple/src/apple/Sugar\ Maple.xcodeproj
2026-10-02T10:47:32.2505530Z     builtin-create-build-directory /Users/runner/work/Sugar-Maple/Sugar-Maple/build/DerivedData/Build/Products
2026-10-02T10:47:32.2613770Z 
2026-10-02T10:47:32.2730360Z CreateBuildDirectory /Users/runner/work/Sugar-Maple/Sugar-Maple/build/DerivedData/Build/Intermediates.noindex
2026-10-02T10:47:32.2864870Z     cd /Users/runner/work/Sugar-Maple/Sugar-Maple/src/apple/Sugar\ Maple.xcodeproj
2026-10-02T10:47:32.2961850Z     builtin-create-build-directory /Users/runner/work/Sugar-Maple/Sugar-Maple/build/DerivedData/Build/Intermediates.noindex
2026-10-02T10:47:32.3064710Z 
2026-10-02T10:47:32.3069390Z ClangStatCache /Applications/Xcode_16.4.app/Contents/Developer/Toolchains/XcodeDefault.xctoolchain/usr/bin/clang-stat-cache /Applications/Xcode_16.4.app/Contents/Developer/Platforms/MacOSX.platform/Developer/SDKs/MacOSX15.5.sdk /Users/runner/work/Sugar-Maple/Sugar-Maple/build/DerivedData/SDKStatCaches.noindex/macosx15.5-24F74-a403186ba963133a54a0e0cacd566b0b.sdkstatcache
2026-10-02T10:47:32.3071290Z     cd /Users/runner/work/Sugar-Maple/Sugar-Maple/src/apple/Sugar\ Maple.xcodeproj
2026-10-02T10:47:32.3072830Z     /Applications/Xcode_16.4.app/Contents/Developer/Toolchains/XcodeDefault.xctoolchain/usr/bin/clang-stat-cache /Applications/Xcode_16.4.app/Contents/Developer/Platforms/MacOSX.platform/Developer/SDKs/MacOSX15.5.sdk -o /Users/runner/work/Sugar-Maple/Sugar-Maple/build/DerivedData/SDKStatCaches.noindex/macosx15.5-24F74-a403186ba963133a54a0e0cacd566b0b.sdkstatcache
2026-10-02T10:47:43.6872540Z 
2026-10-02T10:47:43.6983440Z WriteAuxiliaryFile /Users/runner/work/Sugar-Maple/Sugar-Maple/build/DerivedData/Build/Intermediates.noindex/Sugar\ Maple.build/Debug/Sugar\ Maple-b1fd31637b825f830deb84544883a5b8-VFS/all-product-headers.yaml
2026-10-02T10:47:43.7094450Z     cd /Users/runner/work/Sugar-Maple/Sugar-Maple/src/apple/Sugar\ Maple.xcodeproj
2026-10-02T10:47:43.7200190Z     write-file /Users/runner/work/Sugar-Maple/Sugar-Maple/build/DerivedData/Build/Intermediates.noindex/Sugar\ Maple.build/Debug/Sugar\ Maple-b1fd31637b825f830deb84544883a5b8-VFS/all-product-headers.yaml
2026-10-02T10:47:43.7301880Z 
2026-10-02T10:47:43.7405100Z CreateBuildDirectory /Users/runner/work/Sugar-Maple/Sugar-Maple/build/DerivedData/Build/Products/Debug
2026-10-02T10:47:43.7506190Z     cd /Users/runner/work/Sugar-Maple/Sugar-Maple/src/apple/Sugar\ Maple.xcodeproj
2026-10-02T10:47:43.7609910Z     builtin-create-build-directory /Users/runner/work/Sugar-Maple/Sugar-Maple/build/DerivedData/Build/Products/Debug
2026-10-02T10:47:43.7708670Z 
2026-10-02T10:47:43.7823460Z CreateBuildDirectory /Users/runner/work/Sugar-Maple/Sugar-Maple/build/DerivedData/Build/Intermediates.noindex/EagerLinkingTBDs/Debug
2026-10-02T10:47:43.7913180Z     cd /Users/runner/work/Sugar-Maple/Sugar-Maple/src/apple/Sugar\ Maple.xcodeproj
2026-10-02T10:47:43.8020170Z     builtin-create-build-directory /Users/runner/work/Sugar-Maple/Sugar-Maple/build/DerivedData/Build/Intermediates.noindex/EagerLinkingTBDs/Debug
2026-10-02T10:47:43.8123260Z 
2026-10-02T10:47:43.8225310Z WriteAuxiliaryFile /Users/runner/work/Sugar-Maple/Sugar-Maple/build/DerivedData/Build/Intermediates.noindex/Sugar\ Maple.build/Debug/Sugar\ Maple.build/Sugar\ Maple.hmap (in target 'Sugar Maple' from project 'Sugar Maple')
2026-10-02T10:47:43.8327360Z     cd /Users/runner/work/Sugar-Maple/Sugar-Maple/src/apple
2026-10-02T10:47:43.8428950Z     write-file /Users/runner/work/Sugar-Maple/Sugar-Maple/build/DerivedData/Build/Intermediates.noindex/Sugar\ Maple.build/Debug/Sugar\ Maple.build/Sugar\ Maple.hmap
2026-10-02T10:47:43.8529900Z 
2026-10-02T10:47:43.8631740Z WriteAuxiliaryFile /Users/runner/work/Sugar-Maple/Sugar-Maple/build/DerivedData/Build/Intermediates.noindex/Sugar\ Maple.build/Debug/Sugar\ Maple.build/Sugar\ Maple.DependencyStaticMetadataFileList (in target 'Sugar Maple' from project 'Sugar Maple')
2026-10-02T10:47:43.8732740Z     cd /Users/runner/work/Sugar-Maple/Sugar-Maple/src/apple
2026-10-02T10:47:43.8836140Z     write-file /Users/runner/work/Sugar-Maple/Sugar-Maple/build/DerivedData/Build/Intermediates.noindex/Sugar\ Maple.build/Debug/Sugar\ Maple.build/Sugar\ Maple.DependencyStaticMetadataFileList
2026-10-02T10:47:43.8938880Z 
2026-10-02T10:47:43.9040570Z WriteAuxiliaryFile /Users/runner/work/Sugar-Maple/Sugar-Maple/build/DerivedData/Build/Intermediates.noindex/Sugar\ Maple.build/Debug/Sugar\ Maple.build/Sugar\ Maple.DependencyMetadataFileList (in target 'Sugar Maple' from project 'Sugar Maple')
2026-10-02T10:47:43.9141150Z     cd /Users/runner/work/Sugar-Maple/Sugar-Maple/src/apple
2026-10-02T10:47:43.9245180Z     write-file /Users/runner/work/Sugar-Maple/Sugar-Maple/build/DerivedData/Build/Intermediates.noindex/Sugar\ Maple.build/Debug/Sugar\ Maple.build/Sugar\ Maple.DependencyMetadataFileList
2026-10-02T10:47:43.9343760Z 
2026-10-02T10:47:43.9445620Z WriteAuxiliaryFile /Users/runner/work/Sugar-Maple/Sugar-Maple/build/DerivedData/Build/Intermediates.noindex/Sugar\ Maple.build/Debug/Sugar\ Maple.build/Sugar\ Maple-project-headers.hmap (in target 'Sugar Maple' from project 'Sugar Maple')
2026-10-02T10:47:43.9553750Z     cd /Users/runner/work/Sugar-Maple/Sugar-Maple/src/apple
2026-10-02T10:47:43.9657650Z     write-file /Users/runner/work/Sugar-Maple/Sugar-Maple/build/DerivedData/Build/Intermediates.noindex/Sugar\ Maple.build/Debug/Sugar\ Maple.build/Sugar\ Maple-project-headers.hmap
2026-10-02T10:47:43.9757220Z 
2026-10-02T10:47:43.9860330Z WriteAuxiliaryFile /Users/runner/work/Sugar-Maple/Sugar-Maple/build/DerivedData/Build/Intermediates.noindex/Sugar\ Maple.build/Debug/Sugar\ Maple.build/Sugar\ Maple-own-target-headers.hmap (in target 'Sugar Maple' from project 'Sugar Maple')
2026-10-02T10:47:43.9969470Z     cd /Users/runner/work/Sugar-Maple/Sugar-Maple/src/apple
2026-10-02T10:47:44.0072260Z     write-file /Users/runner/work/Sugar-Maple/Sugar-Maple/build/DerivedData/Build/Intermediates.noindex/Sugar\ Maple.build/Debug/Sugar\ Maple.build/Sugar\ Maple-own-target-headers.hmap
2026-10-02T10:47:44.0177980Z 
2026-10-02T10:47:44.0286090Z WriteAuxiliaryFile /Users/runner/work/Sugar-Maple/Sugar-Maple/build/DerivedData/Build/Intermediates.noindex/Sugar\ Maple.build/Debug/Sugar\ Maple.build/Sugar\ Maple-generated-files.hmap (in target 'Sugar Maple' from project 'Sugar Maple')
2026-10-02T10:47:44.0389860Z     cd /Users/runner/work/Sugar-Maple/Sugar-Maple/src/apple
2026-10-02T10:47:44.0490410Z     write-file /Users/runner/work/Sugar-Maple/Sugar-Maple/build/DerivedData/Build/Intermediates.noindex/Sugar\ Maple.build/Debug/Sugar\ Maple.build/Sugar\ Maple-generated-files.hmap
2026-10-02T10:47:44.0593990Z 
2026-10-02T10:47:44.0694770Z WriteAuxiliaryFile /Users/runner/work/Sugar-Maple/Sugar-Maple/build/DerivedData/Build/Intermediates.noindex/Sugar\ Maple.build/Debug/Sugar\ Maple.build/Sugar\ Maple-all-target-headers.hmap (in target 'Sugar Maple' from project 'Sugar Maple')
2026-10-02T10:47:44.0798730Z     cd /Users/runner/work/Sugar-Maple/Sugar-Maple/src/apple
2026-10-02T10:47:44.0904840Z     write-file /Users/runner/work/Sugar-Maple/Sugar-Maple/build/DerivedData/Build/Intermediates.noindex/Sugar\ Maple.build/Debug/Sugar\ Maple.build/Sugar\ Maple-all-target-headers.hmap
2026-10-02T10:47:44.1004970Z 
2026-10-02T10:47:44.1107330Z WriteAuxiliaryFile /Users/runner/work/Sugar-Maple/Sugar-Maple/build/DerivedData/Build/Intermediates.noindex/Sugar\ Maple.build/Debug/Sugar\ Maple.build/Sugar\ Maple-all-non-framework-target-headers.hmap (in target 'Sugar Maple' from project 'Sugar Maple')
2026-10-02T10:47:44.1208630Z     cd /Users/runner/work/Sugar-Maple/Sugar-Maple/src/apple
2026-10-02T10:47:44.1310220Z     write-file /Users/runner/work/Sugar-Maple/Sugar-Maple/build/DerivedData/Build/Intermediates.noindex/Sugar\ Maple.build/Debug/Sugar\ Maple.build/Sugar\ Maple-all-non-framework-target-headers.hmap
2026-10-02T10:47:44.1410150Z 
2026-10-02T10:47:44.1535110Z WriteAuxiliaryFile /Users/runner/work/Sugar-Maple/Sugar-Maple/build/DerivedData/Build/Intermediates.noindex/Sugar\ Maple.build/Debug/Sugar\ Maple.build/Sugar\ Maple-DebugDylibPath-normal-arm64.txt (in target 'Sugar Maple' from project 'Sugar Maple')
2026-10-02T10:47:44.1636270Z     cd /Users/runner/work/Sugar-Maple/Sugar-Maple/src/apple
2026-10-02T10:47:44.1738090Z     write-file /Users/runner/work/Sugar-Maple/Sugar-Maple/build/DerivedData/Build/Intermediates.noindex/Sugar\ Maple.build/Debug/Sugar\ Maple.build/Sugar\ Maple-DebugDylibPath-normal-arm64.txt
2026-10-02T10:47:44.1838140Z 
2026-10-02T10:47:44.1941170Z WriteAuxiliaryFile /Users/runner/work/Sugar-Maple/Sugar-Maple/build/DerivedData/Build/Intermediates.noindex/Sugar\ Maple.build/Debug/Sugar\ Maple.build/Sugar\ Maple-DebugDylibInstallName-normal-arm64.txt (in target 'Sugar Maple' from project 'Sugar Maple')
2026-10-02T10:47:44.2040870Z     cd /Users/runner/work/Sugar-Maple/Sugar-Maple/src/apple
2026-10-02T10:47:44.2143090Z     write-file /Users/runner/work/Sugar-Maple/Sugar-Maple/build/DerivedData/Build/Intermediates.noindex/Sugar\ Maple.build/Debug/Sugar\ Maple.build/Sugar\ Maple-DebugDylibInstallName-normal-arm64.txt
2026-10-02T10:47:44.2244520Z 
2026-10-02T10:47:44.2346200Z WriteAuxiliaryFile /Users/runner/work/Sugar-Maple/Sugar-Maple/build/DerivedData/Build/Intermediates.noindex/Sugar\ Maple.build/Debug/Sugar\ Maple.build/Script-000000000000000150000000.sh (in target 'Sugar Maple' from project 'Sugar Maple')
2026-10-02T10:47:44.2446570Z     cd /Users/runner/work/Sugar-Maple/Sugar-Maple/src/apple
2026-10-02T10:47:44.2548610Z     write-file /Users/runner/work/Sugar-Maple/Sugar-Maple/build/DerivedData/Build/Intermediates.noindex/Sugar\ Maple.build/Debug/Sugar\ Maple.build/Script-000000000000000150000000.sh
2026-10-02T10:47:44.2647920Z 
2026-10-02T10:47:44.2750300Z WriteAuxiliaryFile /Users/runner/work/Sugar-Maple/Sugar-Maple/build/DerivedData/Build/Intermediates.noindex/Sugar\ Maple.build/Debug/Sugar\ Maple.build/Objects-normal/arm64/Sugar\ Maple_const_extract_protocols.json (in target 'Sugar Maple' from project 'Sugar Maple')
2026-10-02T10:47:44.2852640Z     cd /Users/runner/work/Sugar-Maple/Sugar-Maple/src/apple
2026-10-02T10:47:44.2955060Z     write-file /Users/runner/work/Sugar-Maple/Sugar-Maple/build/DerivedData/Build/Intermediates.noindex/Sugar\ Maple.build/Debug/Sugar\ Maple.build/Objects-normal/arm64/Sugar\ Maple_const_extract_protocols.json
2026-10-02T10:47:44.3055660Z 
2026-10-02T10:47:44.3172260Z WriteAuxiliaryFile /Users/runner/work/Sugar-Maple/Sugar-Maple/build/DerivedData/Build/Intermediates.noindex/Sugar\ Maple.build/Debug/Sugar\ Maple.build/Objects-normal/arm64/Sugar\ Maple.SwiftFileList (in target 'Sugar Maple' from project 'Sugar Maple')
2026-10-02T10:47:44.3271700Z     cd /Users/runner/work/Sugar-Maple/Sugar-Maple/src/apple
2026-10-02T10:47:44.3374100Z     write-file /Users/runner/work/Sugar-Maple/Sugar-Maple/build/DerivedData/Build/Intermediates.noindex/Sugar\ Maple.build/Debug/Sugar\ Maple.build/Objects-normal/arm64/Sugar\ Maple.SwiftFileList
2026-10-02T10:47:44.3475440Z 
2026-10-02T10:47:44.3577470Z WriteAuxiliaryFile /Users/runner/work/Sugar-Maple/Sugar-Maple/build/DerivedData/Build/Intermediates.noindex/Sugar\ Maple.build/Debug/Sugar\ Maple.build/Objects-normal/arm64/Sugar\ Maple.SwiftConstValuesFileList (in target 'Sugar Maple' from project 'Sugar Maple')
2026-10-02T10:47:44.3677500Z     cd /Users/runner/work/Sugar-Maple/Sugar-Maple/src/apple
2026-10-02T10:47:44.3779680Z     write-file /Users/runner/work/Sugar-Maple/Sugar-Maple/build/DerivedData/Build/Intermediates.noindex/Sugar\ Maple.build/Debug/Sugar\ Maple.build/Objects-normal/arm64/Sugar\ Maple.SwiftConstValuesFileList
2026-10-02T10:47:44.3879400Z 
2026-10-02T10:47:44.3980950Z WriteAuxiliaryFile /Users/runner/work/Sugar-Maple/Sugar-Maple/build/DerivedData/Build/Intermediates.noindex/Sugar\ Maple.build/Debug/Sugar\ Maple.build/Objects-normal/arm64/Sugar\ Maple.LinkFileList (in target 'Sugar Maple' from project 'Sugar Maple')
2026-10-02T10:47:44.4082840Z     cd /Users/runner/work/Sugar-Maple/Sugar-Maple/src/apple
2026-10-02T10:47:44.4185030Z     write-file /Users/runner/work/Sugar-Maple/Sugar-Maple/build/DerivedData/Build/Intermediates.noindex/Sugar\ Maple.build/Debug/Sugar\ Maple.build/Objects-normal/arm64/Sugar\ Maple.LinkFileList
2026-10-02T10:47:44.4285230Z 
2026-10-02T10:47:44.4389430Z WriteAuxiliaryFile /Users/runner/work/Sugar-Maple/Sugar-Maple/build/DerivedData/Build/Intermediates.noindex/Sugar\ Maple.build/Debug/Sugar\ Maple.build/Objects-normal/arm64/Sugar\ Maple-OutputFileMap.json (in target 'Sugar Maple' from project 'Sugar Maple')
2026-10-02T10:47:44.4489800Z     cd /Users/runner/work/Sugar-Maple/Sugar-Maple/src/apple
2026-10-02T10:47:44.4591580Z     write-file /Users/runner/work/Sugar-Maple/Sugar-Maple/build/DerivedData/Build/Intermediates.noindex/Sugar\ Maple.build/Debug/Sugar\ Maple.build/Objects-normal/arm64/Sugar\ Maple-OutputFileMap.json
2026-10-02T10:47:44.4691940Z 
2026-10-02T10:47:44.4793230Z MkDir /Users/runner/work/Sugar-Maple/Sugar-Maple/build/DerivedData/Build/Products/Debug/Sugar\ Maple.app/Contents/Resources (in target 'Sugar Maple' from project 'Sugar Maple')
2026-10-02T10:47:44.4894820Z     cd /Users/runner/work/Sugar-Maple/Sugar-Maple/src/apple
2026-10-02T10:47:44.4996580Z     /bin/mkdir -p /Users/runner/work/Sugar-Maple/Sugar-Maple/build/DerivedData/Build/Products/Debug/Sugar\ Maple.app/Contents/Resources
2026-10-02T10:47:44.5096190Z 
2026-10-02T10:47:44.5197390Z MkDir /Users/runner/work/Sugar-Maple/Sugar-Maple/build/DerivedData/Build/Products/Debug/Sugar\ Maple.app/Contents/MacOS (in target 'Sugar Maple' from project 'Sugar Maple')
2026-10-02T10:47:44.5299160Z     cd /Users/runner/work/Sugar-Maple/Sugar-Maple/src/apple
2026-10-02T10:47:44.5401020Z     /bin/mkdir -p /Users/runner/work/Sugar-Maple/Sugar-Maple/build/DerivedData/Build/Products/Debug/Sugar\ Maple.app/Contents/MacOS
2026-10-02T10:47:44.5481440Z 
2026-10-02T10:47:44.5561550Z MkDir /Users/runner/work/Sugar-Maple/Sugar-Maple/build/DerivedData/Build/Products/Debug/Sugar\ Maple.app/Contents (in target 'Sugar Maple' from project 'Sugar Maple')
2026-10-02T10:47:44.5595310Z     cd /Users/runner/work/Sugar-Maple/Sugar-Maple/src/apple
2026-10-02T10:47:44.5628410Z     /bin/mkdir -p /Users/runner/work/Sugar-Maple/Sugar-Maple/build/DerivedData/Build/Products/Debug/Sugar\ Maple.app/Contents
2026-10-02T10:47:44.5643100Z 
2026-10-02T10:47:44.5660300Z MkDir /Users/runner/work/Sugar-Maple/Sugar-Maple/build/DerivedData/Build/Products/Debug/Sugar\ Maple.app (in target 'Sugar Maple' from project 'Sugar Maple')
2026-10-02T10:47:44.5690680Z     cd /Users/runner/work/Sugar-Maple/Sugar-Maple/src/apple
2026-10-02T10:47:44.5711190Z     /bin/mkdir -p /Users/runner/work/Sugar-Maple/Sugar-Maple/build/DerivedData/Build/Products/Debug/Sugar\ Maple.app
2026-10-02T10:47:44.5746920Z 
2026-10-02T10:47:44.5761200Z Ld /Users/runner/work/Sugar-Maple/Sugar-Maple/build/DerivedData/Build/Products/Debug/Sugar\ Maple.app/Contents/MacOS/__preview.dylib normal (in target 'Sugar Maple' from project 'Sugar Maple')
2026-10-02T10:47:44.5763920Z     cd /Users/runner/work/Sugar-Maple/Sugar-Maple/src/apple
2026-10-02T10:47:44.5781050Z     /Applications/Xcode_16.4.app/Contents/Developer/Toolchains/XcodeDefault.xctoolchain/usr/bin/clang -Xlinker -reproducible -target arm64-apple-macos15.4 -dynamiclib -isysroot /Applications/Xcode_16.4.app/Contents/Developer/Platforms/MacOSX.platform/Developer/SDKs/MacOSX15.5.sdk -O0 -L/Users/runner/work/Sugar-Maple/Sugar-Maple/build/DerivedData/Build/Products/Debug -F/Users/runner/work/Sugar-Maple/Sugar-Maple/build/DerivedData/Build/Products/Debug -install_name @rpath/Sugar\ Maple.debug.dylib -dead_strip -rdynamic -Xlinker -no_deduplicate -Xlinker -dependency_info -Xlinker /Users/runner/work/Sugar-Maple/Sugar-Maple/build/DerivedData/Build/Intermediates.noindex/Sugar\ Maple.build/Debug/Sugar\ Maple.build/Objects-normal/arm64/Sugar\ Maple_dependency_info.dat -o /Users/runner/work/Sugar-Maple/Sugar-Maple/build/DerivedData/Build/Products/Debug/Sugar\ Maple.app/Contents/MacOS/__preview.dylib
2026-10-02T10:47:44.5804470Z 
2026-10-02T10:47:44.5821280Z MkDir /Users/runner/work/Sugar-Maple/Sugar-Maple/build/DerivedData/Build/Intermediates.noindex/Sugar\ Maple.build/Debug/Sugar\ Maple.build/assetcatalog_output/unthinned (in target 'Sugar Maple' from project 'Sugar Maple')
2026-10-02T10:47:44.5825670Z     cd /Users/runner/work/Sugar-Maple/Sugar-Maple/src/apple
2026-10-02T10:47:44.5827150Z     /bin/mkdir -p /Users/runner/work/Sugar-Maple/Sugar-Maple/build/DerivedData/Build/Intermediates.noindex/Sugar\ Maple.build/Debug/Sugar\ Maple.build/assetcatalog_output/unthinned
2026-10-02T10:47:44.5829320Z 
2026-10-02T10:47:44.5831650Z MkDir /Users/runner/work/Sugar-Maple/Sugar-Maple/build/DerivedData/Build/Intermediates.noindex/Sugar\ Maple.build/Debug/Sugar\ Maple.build/assetcatalog_output/thinned (in target 'Sugar Maple' from project 'Sugar Maple')
2026-10-02T10:47:44.5832890Z     cd /Users/runner/work/Sugar-Maple/Sugar-Maple/src/apple
2026-10-02T10:47:44.5834410Z     /bin/mkdir -p /Users/runner/work/Sugar-Maple/Sugar-Maple/build/DerivedData/Build/Intermediates.noindex/Sugar\ Maple.build/Debug/Sugar\ Maple.build/assetcatalog_output/thinned
2026-10-02T10:47:44.5837440Z 
2026-10-02T10:47:44.5838090Z GenerateAssetSymbols /Users/runner/work/Sugar-Maple/Sugar-Maple/src/apple/Sugar\ Maple/Assets.xcassets (in target 'Sugar Maple' from project 'Sugar Maple')
2026-10-02T10:47:44.5840490Z     cd /Users/runner/work/Sugar-Maple/Sugar-Maple/src/apple
2026-10-02T10:47:44.5845860Z     /Applications/Xcode_16.4.app/Contents/Developer/usr/bin/actool /Users/runner/work/Sugar-Maple/Sugar-Maple/src/apple/Sugar\ Maple/Assets.xcassets --compile /Users/runner/work/Sugar-Maple/Sugar-Maple/build/DerivedData/Build/Products/Debug/Sugar\ Maple.app/Contents/Resources --output-format human-readable-text --notices --warnings --export-dependency-info /Users/runner/work/Sugar-Maple/Sugar-Maple/build/DerivedData/Build/Intermediates.noindex/Sugar\ Maple.build/Debug/Sugar\ Maple.build/assetcatalog_dependencies --output-partial-info-plist /Users/runner/work/Sugar-Maple/Sugar-Maple/build/DerivedData/Build/Intermediates.noindex/Sugar\ Maple.build/Debug/Sugar\ Maple.build/assetcatalog_generated_info.plist --enable-on-demand-resources NO --development-region en --target-device mac --minimum-deployment-target 15.4 --platform macosx --bundle-identifier io.zubair.SugarMaple --generate-swift-asset-symbols /Users/runner/work/Sugar-Maple/Sugar-Maple/build/DerivedData/Build/Intermediates.noindex/Sugar\ Maple.build/Debug/Sugar\ Maple.build/DerivedSources/GeneratedAssetSymbols.swift --generate-objc-asset-symbols /Users/runner/work/Sugar-Maple/Sugar-Maple/build/DerivedData/Build/Intermediates.noindex/Sugar\ Maple.build/Debug/Sugar\ Maple.build/DerivedSources/GeneratedAssetSymbols.h --generate-asset-symbol-index /Users/runner/work/Sugar-Maple/Sugar-Maple/build/DerivedData/Build/Intermediates.noindex/Sugar\ Maple.build/Debug/Sugar\ Maple.build/DerivedSources/GeneratedAssetSymbols-Index.plist
2026-10-02T10:47:44.5852180Z /* com.apple.actool.compilation-results */
2026-10-02T10:47:44.5854570Z /Users/runner/work/Sugar-Maple/Sugar-Maple/build/DerivedData/Build/Intermediates.noindex/Sugar Maple.build/Debug/Sugar Maple.build/DerivedSources/GeneratedAssetSymbols-Index.plist
2026-10-02T10:47:44.5856730Z /Users/runner/work/Sugar-Maple/Sugar-Maple/build/DerivedData/Build/Intermediates.noindex/Sugar Maple.build/Debug/Sugar Maple.build/DerivedSources/GeneratedAssetSymbols.h
2026-10-02T10:47:44.5858710Z /Users/runner/work/Sugar-Maple/Sugar-Maple/build/DerivedData/Build/Intermediates.noindex/Sugar Maple.build/Debug/Sugar Maple.build/DerivedSources/GeneratedAssetSymbols.swift
2026-10-02T10:47:44.5859930Z 
2026-10-02T10:47:44.5860810Z 
2026-10-02T10:47:44.5862220Z CompileAssetCatalogVariant thinned /Users/runner/work/Sugar-Maple/Sugar-Maple/build/DerivedData/Build/Products/Debug/Sugar\ Maple.app/Contents/Resources /Users/runner/work/Sugar-Maple/Sugar-Maple/src/apple/Sugar\ Maple/Assets.xcassets (in target 'Sugar Maple' from project 'Sugar Maple')
2026-10-02T10:47:44.5865520Z     cd /Users/runner/work/Sugar-Maple/Sugar-Maple/src/apple
2026-10-02T10:47:44.5870780Z     /Applications/Xcode_16.4.app/Contents/Developer/usr/bin/actool /Users/runner/work/Sugar-Maple/Sugar-Maple/src/apple/Sugar\ Maple/Assets.xcassets --compile /Users/runner/work/Sugar-Maple/Sugar-Maple/build/DerivedData/Build/Intermediates.noindex/Sugar\ Maple.build/Debug/Sugar\ Maple.build/assetcatalog_output/thinned --output-format human-readable-text --notices --warnings --export-dependency-info /Users/runner/work/Sugar-Maple/Sugar-Maple/build/DerivedData/Build/Intermediates.noindex/Sugar\ Maple.build/Debug/Sugar\ Maple.build/assetcatalog_dependencies_thinned --output-partial-info-plist /Users/runner/work/Sugar-Maple/Sugar-Maple/build/DerivedData/Build/Intermediates.noindex/Sugar\ Maple.build/Debug/Sugar\ Maple.build/assetcatalog_generated_info.plist_thinned --enable-on-demand-resources NO --development-region en --target-device mac --minimum-deployment-target 15.4 --platform macosx
2026-10-02T10:47:44.5874140Z /* com.apple.actool.compilation-results */
2026-10-02T10:47:44.5875180Z /Users/runner/work/Sugar-Maple/Sugar-Maple/build/DerivedData/Build/Intermediates.noindex/Sugar Maple.build/Debug/Sugar Maple.build/assetcatalog_generated_info.plist_thinned
2026-10-02T10:47:44.5875780Z 
2026-10-02T10:47:44.5875790Z 
2026-10-02T10:47:44.5876270Z LinkAssetCatalog /Users/runner/work/Sugar-Maple/Sugar-Maple/src/apple/Sugar\ Maple/Assets.xcassets (in target 'Sugar Maple' from project 'Sugar Maple')
2026-10-02T10:47:44.5877790Z     cd /Users/runner/work/Sugar-Maple/Sugar-Maple/src/apple
2026-10-02T10:47:44.5883520Z     builtin-linkAssetCatalog --thinned /Users/runner/work/Sugar-Maple/Sugar-Maple/build/DerivedData/Build/Intermediates.noindex/Sugar\ Maple.build/Debug/Sugar\ Maple.build/assetcatalog_output/thinned --thinned-dependencies /Users/runner/work/Sugar-Maple/Sugar-Maple/build/DerivedData/Build/Intermediates.noindex/Sugar\ Maple.build/Debug/Sugar\ Maple.build/assetcatalog_dependencies_thinned --thinned-info-plist-content /Users/runner/work/Sugar-Maple/Sugar-Maple/build/DerivedData/Build/Intermediates.noindex/Sugar\ Maple.build/Debug/Sugar\ Maple.build/assetcatalog_generated_info.plist_thinned --unthinned /Users/runner/work/Sugar-Maple/Sugar-Maple/build/DerivedData/Build/Intermediates.noindex/Sugar\ Maple.build/Debug/Sugar\ Maple.build/assetcatalog_output/unthinned --unthinned-dependencies /Users/runner/work/Sugar-Maple/Sugar-Maple/build/DerivedData/Build/Intermediates.noindex/Sugar\ Maple.build/Debug/Sugar\ Maple.build/assetcatalog_dependencies_unthinned --unthinned-info-plist-content /Users/runner/work/Sugar-Maple/Sugar-Maple/build/DerivedData/Build/Intermediates.noindex/Sugar\ Maple.build/Debug/Sugar\ Maple.build/assetcatalog_generated_info.plist_unthinned --output /Users/runner/work/Sugar-Maple/Sugar-Maple/build/DerivedData/Build/Products/Debug/Sugar\ Maple.app/Contents/Resources --plist-output /Users/runner/work/Sugar-Maple/Sugar-Maple/build/DerivedData/Build/Intermediates.noindex/Sugar\ Maple.build/Debug/Sugar\ Maple.build/assetcatalog_generated_info.plist
2026-10-02T10:47:44.5889460Z 
2026-10-02T10:47:44.5890450Z ProcessInfoPlistFile /Users/runner/work/Sugar-Maple/Sugar-Maple/build/DerivedData/Build/Products/Debug/Sugar\ Maple.app/Contents/Info.plist /Users/runner/work/Sugar-Maple/Sugar-Maple/src/apple/DocumentTypes.plist (in target 'Sugar Maple' from project 'Sugar Maple')
2026-10-02T10:47:44.5891870Z     cd /Users/runner/work/Sugar-Maple/Sugar-Maple/src/apple
2026-10-02T10:47:44.5894170Z     builtin-infoPlistUtility /Users/runner/work/Sugar-Maple/Sugar-Maple/src/apple/DocumentTypes.plist -producttype com.apple.product-type.application -genpkginfo /Users/runner/work/Sugar-Maple/Sugar-Maple/build/DerivedData/Build/Products/Debug/Sugar\ Maple.app/Contents/PkgInfo -expandbuildsettings -platform macosx -additionalcontentfile /Users/runner/work/Sugar-Maple/Sugar-Maple/build/DerivedData/Build/Intermediates.noindex/Sugar\ Maple.build/Debug/Sugar\ Maple.build/assetcatalog_generated_info.plist -o /Users/runner/work/Sugar-Maple/Sugar-Maple/build/DerivedData/Build/Products/Debug/Sugar\ Maple.app/Contents/Info.plist
2026-10-02T10:47:44.5897700Z 
2026-10-02T10:47:44.5898830Z SwiftDriver Sugar\ Maple normal arm64 com.apple.xcode.tools.swift.compiler (in target 'Sugar Maple' from project 'Sugar Maple')
2026-10-02T10:47:44.5900340Z     cd /Users/runner/work/Sugar-Maple/Sugar-Maple/src/apple
2026-10-02T10:47:44.5936560Z     builtin-SwiftDriver -- /Applications/Xcode_16.4.app/Contents/Developer/Toolchains/XcodeDefault.xctoolchain/usr/bin/swiftc -module-name Sugar_Maple -Onone -enforce-exclusivity\=checked @/Users/runner/work/Sugar-Maple/Sugar-Maple/build/DerivedData/Build/Intermediates.noindex/Sugar\ Maple.build/Debug/Sugar\ Maple.build/Objects-normal/arm64/Sugar\ Maple.SwiftFileList -DDEBUG -enable-bare-slash-regex -enable-upcoming-feature MemberImportVisibility -enable-experimental-feature DebugDescriptionMacro -sdk /Applications/Xcode_16.4.app/Contents/Developer/Platforms/MacOSX.platform/Developer/SDKs/MacOSX15.5.sdk -target arm64-apple-macos15.4 -g -module-cache-path /Users/runner/work/Sugar-Maple/Sugar-Maple/build/DerivedData/ModuleCache.noindex -Xfrontend -serialize-debugging-options -enable-testing -index-store-path /Users/runner/work/Sugar-Maple/Sugar-Maple/build/DerivedData/Index.noindex/DataStore -swift-version 5 -I /Users/runner/work/Sugar-Maple/Sugar-Maple/build/DerivedData/Build/Products/Debug -F /Users/runner/work/Sugar-Maple/Sugar-Maple/build/DerivedData/Build/Products/Debug -emit-localized-strings -emit-localized-strings-path /Users/runner/work/Sugar-Maple/Sugar-Maple/build/DerivedData/Build/Intermediates.noindex/Sugar\ Maple.build/Debug/Sugar\ Maple.build/Objects-normal/arm64 -c -j3 -enable-batch-mode -incremental -Xcc -ivfsstatcache -Xcc /Users/runner/work/Sugar-Maple/Sugar-Maple/build/DerivedData/SDKStatCaches.noindex/macosx15.5-24F74-a403186ba963133a54a0e0cacd566b0b.sdkstatcache -output-file-map /Users/runner/work/Sugar-Maple/Sugar-Maple/build/DerivedData/Build/Intermediates.noindex/Sugar\ Maple.build/Debug/Sugar\ Maple.build/Objects-normal/arm64/Sugar\ Maple-OutputFileMap.json -use-frontend-parseable-output -save-temps -no-color-diagnostics -serialize-diagnostics -emit-dependencies -emit-module -emit-module-path /Users/runner/work/Sugar-Maple/Sugar-Maple/build/DerivedData/Build/Intermediates.noindex/Sugar\ Maple.build/Debug/Sugar\ Maple.build/Objects-normal/arm64/Sugar_Maple.swiftmodule -validate-clang-modules-once -clang-build-session-file /Users/runner/work/Sugar-Maple/Sugar-Maple/build/DerivedData/ModuleCache.noindex/Session.modulevalidation -Xcc -I/Users/runner/work/Sugar-Maple/Sugar-Maple/build/DerivedData/Build/Intermediates.noindex/Sugar\ Maple.build/Debug/Sugar\ Maple.build/swift-overrides.hmap -emit-const-values -Xfrontend -const-gather-protocols-file -Xfrontend /Users/runner/work/Sugar-Maple/Sugar-Maple/build/DerivedData/Build/Intermediates.noindex/Sugar\ Maple.build/Debug/Sugar\ Maple.build/Objects-normal/arm64/Sugar\ Maple_const_extract_protocols.json -Xcc -iquote -Xcc /Users/runner/work/Sugar-Maple/Sugar-Maple/build/DerivedData/Build/Intermediates.noindex/Sugar\ Maple.build/Debug/Sugar\ Maple.build/Sugar\ Maple-generated-files.hmap -Xcc -I/Users/runner/work/Sugar-Maple/Sugar-Maple/build/DerivedData/Build/Intermediates.noindex/Sugar\ Maple.build/Debug/Sugar\ Maple.build/Sugar\ Maple-own-target-headers.hmap -Xcc -I/Users/runner/work/Sugar-Maple/Sugar-Maple/build/DerivedData/Build/Intermediates.noindex/Sugar\ Maple.build/Debug/Sugar\ Maple.build/Sugar\ Maple-all-target-headers.hmap -Xcc -iquote -Xcc /Users/runner/work/Sugar-Maple/Sugar-Maple/build/DerivedData/Build/Intermediates.noindex/Sugar\ Maple.build/Debug/Sugar\ Maple.build/Sugar\ Maple-project-headers.hmap -Xcc -I/Users/runner/work/Sugar-Maple/Sugar-Maple/build/DerivedData/Build/Products/Debug/include -Xcc -I/Users/runner/work/Sugar-Maple/Sugar-Maple/build/DerivedData/Build/Intermediates.noindex/Sugar\ Maple.build/Debug/Sugar\ Maple.build/DerivedSources-normal/arm64 -Xcc -I/Users/runner/work/Sugar-Maple/Sugar-Maple/build/DerivedData/Build/Intermediates.noindex/Sugar\ Maple.build/Debug/Sugar\ Maple.build/DerivedSources/arm64 -Xcc -I/Users/runner/work/Sugar-Maple/Sugar-Maple/build/DerivedData/Build/Intermediates.noindex/Sugar\ Maple.build/Debug/Sugar\ Maple.build/DerivedSources -Xcc -DDEBUG\=1 -emit-objc-header -emit-objc-header-path /Users/runner/work/Sugar-Maple/Sugar-Maple/build/DerivedData/Build/Intermediates.noindex/Sugar\ Maple.build/Debug/Sugar\ Maple.build/Objects-normal/arm64/Sugar_Maple-Swift.h -working-directory /Users/runner/work/Sugar-Maple/Sugar-Maple/src/apple -experimental-emit-module-separately -disable-cmo
2026-10-02T10:47:44.5953700Z 
2026-10-02T10:47:44.5954090Z SwiftEmitModule normal arm64 Emitting\ module\ for\ Sugar_Maple (in target 'Sugar Maple' from project 'Sugar Maple')
2026-10-02T10:47:44.5954620Z 
2026-10-02T10:47:44.5954810Z EmitSwiftModule normal arm64 (in target 'Sugar Maple' from project 'Sugar Maple')
2026-10-02T10:47:44.5955190Z     cd /Users/runner/work/Sugar-Maple/Sugar-Maple/src/apple
2026-10-02T10:47:44.5955700Z     
2026-10-02T10:47:54.4379690Z 
2026-10-02T10:47:54.4506430Z SwiftCompile normal arm64 Compiling\ ContentView.swift,\ DocumentPackage.swift,\ DocumentPersistence.swift,\ GeneratedAssetSymbols.swift /Users/runner/work/Sugar-Maple/Sugar-Maple/src/apple/Sugar\ Maple/ContentView.swift /Users/runner/work/Sugar-Maple/Sugar-Maple/src/apple/Sugar\ Maple/DocumentPackage.swift /Users/runner/work/Sugar-Maple/Sugar-Maple/src/apple/Sugar\ Maple/DocumentPersistence.swift /Users/runner/work/Sugar-Maple/Sugar-Maple/build/DerivedData/Build/Intermediates.noindex/Sugar\ Maple.build/Debug/Sugar\ Maple.build/DerivedSources/GeneratedAssetSymbols.swift (in target 'Sugar Maple' from project 'Sugar Maple')
2026-10-02T10:47:54.4609230Z SwiftCompile normal arm64 /Users/runner/work/Sugar-Maple/Sugar-Maple/src/apple/Sugar\ Maple/ContentView.swift (in target 'Sugar Maple' from project 'Sugar Maple')
2026-10-02T10:47:54.4711820Z     cd /Users/runner/work/Sugar-Maple/Sugar-Maple/src/apple
2026-10-02T10:47:54.4812170Z     
2026-10-02T10:48:01.9782520Z 
2026-10-02T10:48:01.9910940Z SwiftCompile normal arm64 /Users/runner/work/Sugar-Maple/Sugar-Maple/src/apple/Sugar\ Maple/DocumentPackage.swift (in target 'Sugar Maple' from project 'Sugar Maple')
2026-10-02T10:48:02.0035890Z     cd /Users/runner/work/Sugar-Maple/Sugar-Maple/src/apple
2026-10-02T10:48:02.0159980Z     
2026-10-02T10:48:02.0283060Z 
2026-10-02T10:48:02.0407710Z SwiftCompile normal arm64 /Users/runner/work/Sugar-Maple/Sugar-Maple/src/apple/Sugar\ Maple/DocumentPersistence.swift (in target 'Sugar Maple' from project 'Sugar Maple')
2026-10-02T10:48:02.0510670Z     cd /Users/runner/work/Sugar-Maple/Sugar-Maple/src/apple
2026-10-02T10:48:02.0628220Z     
2026-10-02T10:48:02.0729380Z 
2026-10-02T10:48:02.0832820Z SwiftCompile normal arm64 /Users/runner/work/Sugar-Maple/Sugar-Maple/build/DerivedData/Build/Intermediates.noindex/Sugar\ Maple.build/Debug/Sugar\ Maple.build/DerivedSources/GeneratedAssetSymbols.swift (in target 'Sugar Maple' from project 'Sugar Maple')
2026-10-02T10:48:02.0940410Z     cd /Users/runner/work/Sugar-Maple/Sugar-Maple/src/apple
2026-10-02T10:48:02.1042550Z     
2026-10-02T10:48:02.1143930Z 
2026-10-02T10:48:02.1613600Z SwiftCompile normal arm64 Compiling\ NativeClipboard.swift,\ NativeHostError.swift,\ PreviewWindow.swift,\ AppLifecycle.swift /Users/runner/work/Sugar-Maple/Sugar-Maple/src/apple/Sugar\ Maple/NativeClipboard.swift /Users/runner/work/Sugar-Maple/Sugar-Maple/src/apple/Sugar\ Maple/NativeHostError.swift /Users/runner/work/Sugar-Maple/Sugar-Maple/src/apple/Sugar\ Maple/PreviewWindow.swift /Users/runner/work/Sugar-Maple/Sugar-Maple/src/apple/Sugar\ Maple/AppLifecycle.swift (in target 'Sugar Maple' from project 'Sugar Maple')
2026-10-02T10:48:02.1716350Z 
2026-10-02T10:48:02.1823600Z SwiftCompile normal arm64 /Users/runner/work/Sugar-Maple/Sugar-Maple/src/apple/Sugar\ Maple/NativeClipboard.swift (in target 'Sugar Maple' from project 'Sugar Maple')
2026-10-02T10:48:02.1926680Z     cd /Users/runner/work/Sugar-Maple/Sugar-Maple/src/apple
2026-10-02T10:48:02.2028220Z     
2026-10-02T10:48:02.2130070Z 
2026-10-02T10:48:02.2232800Z SwiftCompile normal arm64 /Users/runner/work/Sugar-Maple/Sugar-Maple/src/apple/Sugar\ Maple/NativeHostError.swift (in target 'Sugar Maple' from project 'Sugar Maple')
2026-10-02T10:48:02.2339320Z     cd /Users/runner/work/Sugar-Maple/Sugar-Maple/src/apple
2026-10-02T10:48:02.2441480Z     
2026-10-02T10:48:02.2542980Z 
2026-10-02T10:48:02.2646040Z SwiftCompile normal arm64 /Users/runner/work/Sugar-Maple/Sugar-Maple/src/apple/Sugar\ Maple/PreviewWindow.swift (in target 'Sugar Maple' from project 'Sugar Maple')
2026-10-02T10:48:02.2754340Z     cd /Users/runner/work/Sugar-Maple/Sugar-Maple/src/apple
2026-10-02T10:48:02.2857750Z     
2026-10-02T10:48:02.2958660Z 
2026-10-02T10:48:02.3069420Z SwiftCompile normal arm64 /Users/runner/work/Sugar-Maple/Sugar-Maple/src/apple/Sugar\ Maple/AppLifecycle.swift (in target 'Sugar Maple' from project 'Sugar Maple')
2026-10-02T10:48:02.3173330Z     cd /Users/runner/work/Sugar-Maple/Sugar-Maple/src/apple
2026-10-02T10:48:02.3295440Z     
2026-10-02T10:48:02.3397690Z 
2026-10-02T10:48:02.3500370Z SwiftCompile normal arm64 Compiling\ EditorHost.swift,\ MCPServer.swift,\ MCPTools.swift,\ MyApp.swift,\ NativeAccessPolicy.swift /Users/runner/work/Sugar-Maple/Sugar-Maple/src/apple/Sugar\ Maple/EditorHost.swift /Users/runner/work/Sugar-Maple/Sugar-Maple/src/apple/Sugar\ Maple/MCPServer.swift /Users/runner/work/Sugar-Maple/Sugar-Maple/src/apple/Sugar\ Maple/MCPTools.swift /Users/runner/work/Sugar-Maple/Sugar-Maple/src/apple/Sugar\ Maple/MyApp.swift /Users/runner/work/Sugar-Maple/Sugar-Maple/src/apple/Sugar\ Maple/NativeAccessPolicy.swift (in target 'Sugar Maple' from project 'Sugar Maple')
2026-10-02T10:48:02.3603690Z SwiftCompile normal arm64 /Users/runner/work/Sugar-Maple/Sugar-Maple/src/apple/Sugar\ Maple/EditorHost.swift (in target 'Sugar Maple' from project 'Sugar Maple')
2026-10-02T10:48:02.3726630Z     cd /Users/runner/work/Sugar-Maple/Sugar-Maple/src/apple
2026-10-02T10:48:02.3827870Z     
2026-10-02T10:48:02.3928810Z 
2026-10-02T10:48:02.4029960Z SwiftCompile normal arm64 /Users/runner/work/Sugar-Maple/Sugar-Maple/src/apple/Sugar\ Maple/MCPServer.swift (in target 'Sugar Maple' from project 'Sugar Maple')
2026-10-02T10:48:02.4159650Z     cd /Users/runner/work/Sugar-Maple/Sugar-Maple/src/apple
2026-10-02T10:48:02.4261940Z     
2026-10-02T10:48:02.4363390Z 
2026-10-02T10:48:02.4466290Z SwiftCompile normal arm64 /Users/runner/work/Sugar-Maple/Sugar-Maple/src/apple/Sugar\ Maple/MCPTools.swift (in target 'Sugar Maple' from project 'Sugar Maple')
2026-10-02T10:48:02.4531810Z     cd /Users/runner/work/Sugar-Maple/Sugar-Maple/src/apple
2026-10-02T10:48:02.4635330Z     
2026-10-02T10:48:02.4736890Z 
2026-10-02T10:48:02.4839360Z SwiftCompile normal arm64 /Users/runner/work/Sugar-Maple/Sugar-Maple/src/apple/Sugar\ Maple/MyApp.swift (in target 'Sugar Maple' from project 'Sugar Maple')
2026-10-02T10:48:02.4944280Z     cd /Users/runner/work/Sugar-Maple/Sugar-Maple/src/apple
2026-10-02T10:48:02.5046530Z     
2026-10-02T10:48:02.5149280Z 
2026-10-02T10:48:02.5250750Z SwiftCompile normal arm64 /Users/runner/work/Sugar-Maple/Sugar-Maple/src/apple/Sugar\ Maple/NativeAccessPolicy.swift (in target 'Sugar Maple' from project 'Sugar Maple')
2026-10-02T10:48:02.5354250Z     cd /Users/runner/work/Sugar-Maple/Sugar-Maple/src/apple
2026-10-02T10:48:02.5457820Z     
2026-10-02T10:48:02.5559060Z 
2026-10-02T10:48:02.5661410Z SwiftDriverJobDiscovery normal arm64 Emitting module for Sugar_Maple (in target 'Sugar Maple' from project 'Sugar Maple')
2026-10-02T10:48:02.5766880Z 
2026-10-02T10:48:02.5869880Z SwiftDriver\ Compilation\ Requirements Sugar\ Maple normal arm64 com.apple.xcode.tools.swift.compiler (in target 'Sugar Maple' from project 'Sugar Maple')
2026-10-02T10:48:02.5972400Z     cd /Users/runner/work/Sugar-Maple/Sugar-Maple/src/apple
2026-10-02T10:48:02.6092550Z     builtin-Swift-Compilation-Requirements -- /Applications/Xcode_16.4.app/Contents/Developer/Toolchains/XcodeDefault.xctoolchain/usr/bin/swiftc -module-name Sugar_Maple -Onone -enforce-exclusivity\=checked @/Users/runner/work/Sugar-Maple/Sugar-Maple/build/DerivedData/Build/Intermediates.noindex/Sugar\ Maple.build/Debug/Sugar\ Maple.build/Objects-normal/arm64/Sugar\ Maple.SwiftFileList -DDEBUG -enable-bare-slash-regex -enable-upcoming-feature MemberImportVisibility -enable-experimental-feature DebugDescriptionMacro -sdk /Applications/Xcode_16.4.app/Contents/Developer/Platforms/MacOSX.platform/Developer/SDKs/MacOSX15.5.sdk -target arm64-apple-macos15.4 -g -module-cache-path /Users/runner/work/Sugar-Maple/Sugar-Maple/build/DerivedData/ModuleCache.noindex -Xfrontend -serialize-debugging-options -enable-testing -index-store-path /Users/runner/work/Sugar-Maple/Sugar-Maple/build/DerivedData/Index.noindex/DataStore -swift-version 5 -I /Users/runner/work/Sugar-Maple/Sugar-Maple/build/DerivedData/Build/Products/Debug -F /Users/runner/work/Sugar-Maple/Sugar-Maple/build/DerivedData/Build/Products/Debug -emit-localized-strings -emit-localized-strings-path /Users/runner/work/Sugar-Maple/Sugar-Maple/build/DerivedData/Build/Intermediates.noindex/Sugar\ Maple.build/Debug/Sugar\ Maple.build/Objects-normal/arm64 -c -j3 -enable-batch-mode -incremental -Xcc -ivfsstatcache -Xcc /Users/runner/work/Sugar-Maple/Sugar-Maple/build/DerivedData/SDKStatCaches.noindex/macosx15.5-24F74-a403186ba963133a54a0e0cacd566b0b.sdkstatcache -output-file-map /Users/runner/work/Sugar-Maple/Sugar-Maple/build/DerivedData/Build/Intermediates.noindex/Sugar\ Maple.build/Debug/Sugar\ Maple.build/Objects-normal/arm64/Sugar\ Maple-OutputFileMap.json -use-frontend-parseable-output -save-temps -no-color-diagnostics -serialize-diagnostics -emit-dependencies -emit-module -emit-module-path /Users/runner/work/Sugar-Maple/Sugar-Maple/build/DerivedData/Build/Intermediates.noindex/Sugar\ Maple.build/Debug/Sugar\ Maple.build/Objects-normal/arm64/Sugar_Maple.swiftmodule -validate-clang-modules-once -clang-build-session-file /Users/runner/work/Sugar-Maple/Sugar-Maple/build/DerivedData/ModuleCache.noindex/Session.modulevalidation -Xcc -I/Users/runner/work/Sugar-Maple/Sugar-Maple/build/DerivedData/Build/Intermediates.noindex/Sugar\ Maple.build/Debug/Sugar\ Maple.build/swift-overrides.hmap -emit-const-values -Xfrontend -const-gather-protocols-file -Xfrontend /Users/runner/work/Sugar-Maple/Sugar-Maple/build/DerivedData/Build/Intermediates.noindex/Sugar\ Maple.build/Debug/Sugar\ Maple.build/Objects-normal/arm64/Sugar\ Maple_const_extract_protocols.json -Xcc -iquote -Xcc /Users/runner/work/Sugar-Maple/Sugar-Maple/build/DerivedData/Build/Intermediates.noindex/Sugar\ Maple.build/Debug/Sugar\ Maple.build/Sugar\ Maple-generated-files.hmap -Xcc -I/Users/runner/work/Sugar-Maple/Sugar-Maple/build/DerivedData/Build/Intermediates.noindex/Sugar\ Maple.build/Debug/Sugar\ Maple.build/Sugar\ Maple-own-target-headers.hmap -Xcc -I/Users/runner/work/Sugar-Maple/Sugar-Maple/build/DerivedData/Build/Intermediates.noindex/Sugar\ Maple.build/Debug/Sugar\ Maple.build/Sugar\ Maple-all-target-headers.hmap -Xcc -iquote -Xcc /Users/runner/work/Sugar-Maple/Sugar-Maple/build/DerivedData/Build/Intermediates.noindex/Sugar\ Maple.build/Debug/Sugar\ Maple.build/Sugar\ Maple-project-headers.hmap -Xcc -I/Users/runner/work/Sugar-Maple/Sugar-Maple/build/DerivedData/Build/Products/Debug/include -Xcc -I/Users/runner/work/Sugar-Maple/Sugar-Maple/build/DerivedData/Build/Intermediates.noindex/Sugar\ Maple.build/Debug/Sugar\ Maple.build/DerivedSources-normal/arm64 -Xcc -I/Users/runner/work/Sugar-Maple/Sugar-Maple/build/DerivedData/Build/Intermediates.noindex/Sugar\ Maple.build/Debug/Sugar\ Maple.build/DerivedSources/arm64 -Xcc -I/Users/runner/work/Sugar-Maple/Sugar-Maple/build/DerivedData/Build/Intermediates.noindex/Sugar\ Maple.build/Debug/Sugar\ Maple.build/DerivedSources -Xcc -DDEBUG\=1 -emit-objc-header -emit-objc-header-path /Users/runner/work/Sugar-Maple/Sugar-Maple/build/DerivedData/Build/Intermediates.noindex/Sugar\ Maple.build/Debug/Sugar\ Maple.build/Objects-normal/arm64/Sugar_Maple-Swift.h -working-directory /Users/runner/work/Sugar-Maple/Sugar-Maple/src/apple -experimental-emit-module-separately -disable-cmo
2026-10-02T10:48:02.6142560Z 
2026-10-02T10:48:02.6249490Z SwiftDriverJobDiscovery normal arm64 Compiling NativeClipboard.swift, NativeHostError.swift, PreviewWindow.swift, AppLifecycle.swift (in target 'Sugar Maple' from project 'Sugar Maple')
2026-10-02T10:48:02.6353250Z 
2026-10-02T10:48:02.6458200Z SwiftMergeGeneratedHeaders /Users/runner/work/Sugar-Maple/Sugar-Maple/build/DerivedData/Build/Intermediates.noindex/Sugar\ Maple.build/Debug/Sugar\ Maple.build/DerivedSources/Sugar_Maple-Swift.h /Users/runner/work/Sugar-Maple/Sugar-Maple/build/DerivedData/Build/Intermediates.noindex/Sugar\ Maple.build/Debug/Sugar\ Maple.build/Objects-normal/arm64/Sugar_Maple-Swift.h (in target 'Sugar Maple' from project 'Sugar Maple')
2026-10-02T10:48:02.6564000Z     cd /Users/runner/work/Sugar-Maple/Sugar-Maple/src/apple
2026-10-02T10:48:02.6669680Z     builtin-swiftHeaderTool -arch arm64 /Users/runner/work/Sugar-Maple/Sugar-Maple/build/DerivedData/Build/Intermediates.noindex/Sugar\ Maple.build/Debug/Sugar\ Maple.build/Objects-normal/arm64/Sugar_Maple-Swift.h -o /Users/runner/work/Sugar-Maple/Sugar-Maple/build/DerivedData/Build/Intermediates.noindex/Sugar\ Maple.build/Debug/Sugar\ Maple.build/DerivedSources/Sugar_Maple-Swift.h
2026-10-02T10:48:02.6776440Z 
2026-10-02T10:48:02.6882560Z Copy /Users/runner/work/Sugar-Maple/Sugar-Maple/build/DerivedData/Build/Products/Debug/Sugar_Maple.swiftmodule/arm64-apple-macos.swiftmodule /Users/runner/work/Sugar-Maple/Sugar-Maple/build/DerivedData/Build/Intermediates.noindex/Sugar\ Maple.build/Debug/Sugar\ Maple.build/Objects-normal/arm64/Sugar_Maple.swiftmodule (in target 'Sugar Maple' from project 'Sugar Maple')
2026-10-02T10:48:02.6984850Z     cd /Users/runner/work/Sugar-Maple/Sugar-Maple/src/apple
2026-10-02T10:48:02.7009260Z     builtin-copy -exclude .DS_Store -exclude CVS -exclude .svn -exclude .git -exclude .hg -resolve-src-symlinks -rename /Users/runner/work/Sugar-Maple/Sugar-Maple/build/DerivedData/Build/Intermediates.noindex/Sugar\ Maple.build/Debug/Sugar\ Maple.build/Objects-normal/arm64/Sugar_Maple.swiftmodule /Users/runner/work/Sugar-Maple/Sugar-Maple/build/DerivedData/Build/Products/Debug/Sugar_Maple.swiftmodule/arm64-apple-macos.swiftmodule
2026-10-02T10:48:02.7058890Z 
2026-10-02T10:48:02.7096310Z Copy /Users/runner/work/Sugar-Maple/Sugar-Maple/build/DerivedData/Build/Products/Debug/Sugar_Maple.swiftmodule/arm64-apple-macos.swiftdoc /Users/runner/work/Sugar-Maple/Sugar-Maple/build/DerivedData/Build/Intermediates.noindex/Sugar\ Maple.build/Debug/Sugar\ Maple.build/Objects-normal/arm64/Sugar_Maple.swiftdoc (in target 'Sugar Maple' from project 'Sugar Maple')
2026-10-02T10:48:02.7156630Z     cd /Users/runner/work/Sugar-Maple/Sugar-Maple/src/apple
2026-10-02T10:48:02.7235300Z     builtin-copy -exclude .DS_Store -exclude CVS -exclude .svn -exclude .git -exclude .hg -resolve-src-symlinks -rename /Users/runner/work/Sugar-Maple/Sugar-Maple/build/DerivedData/Build/Intermediates.noindex/Sugar\ Maple.build/Debug/Sugar\ Maple.build/Objects-normal/arm64/Sugar_Maple.swiftdoc /Users/runner/work/Sugar-Maple/Sugar-Maple/build/DerivedData/Build/Products/Debug/Sugar_Maple.swiftmodule/arm64-apple-macos.swiftdoc
2026-10-02T10:48:02.7281550Z 
2026-10-02T10:48:02.7312770Z Copy /Users/runner/work/Sugar-Maple/Sugar-Maple/build/DerivedData/Build/Products/Debug/Sugar_Maple.swiftmodule/arm64-apple-macos.abi.json /Users/runner/work/Sugar-Maple/Sugar-Maple/build/DerivedData/Build/Intermediates.noindex/Sugar\ Maple.build/Debug/Sugar\ Maple.build/Objects-normal/arm64/Sugar_Maple.abi.json (in target 'Sugar Maple' from project 'Sugar Maple')
2026-10-02T10:48:02.7374480Z     cd /Users/runner/work/Sugar-Maple/Sugar-Maple/src/apple
2026-10-02T10:48:02.7429250Z     builtin-copy -exclude .DS_Store -exclude CVS -exclude .svn -exclude .git -exclude .hg -resolve-src-symlinks -rename /Users/runner/work/Sugar-Maple/Sugar-Maple/build/DerivedData/Build/Intermediates.noindex/Sugar\ Maple.build/Debug/Sugar\ Maple.build/Objects-normal/arm64/Sugar_Maple.abi.json /Users/runner/work/Sugar-Maple/Sugar-Maple/build/DerivedData/Build/Products/Debug/Sugar_Maple.swiftmodule/arm64-apple-macos.abi.json
2026-10-02T10:48:02.7455140Z 
2026-10-02T10:48:02.7463700Z Copy /Users/runner/work/Sugar-Maple/Sugar-Maple/build/DerivedData/Build/Products/Debug/Sugar_Maple.swiftmodule/Project/arm64-apple-macos.swiftsourceinfo /Users/runner/work/Sugar-Maple/Sugar-Maple/build/DerivedData/Build/Intermediates.noindex/Sugar\ Maple.build/Debug/Sugar\ Maple.build/Objects-normal/arm64/Sugar_Maple.swiftsourceinfo (in target 'Sugar Maple' from project 'Sugar Maple')
2026-10-02T10:48:02.7493850Z     cd /Users/runner/work/Sugar-Maple/Sugar-Maple/src/apple
2026-10-02T10:48:02.7497300Z     builtin-copy -exclude .DS_Store -exclude CVS -exclude .svn -exclude .git -exclude .hg -resolve-src-symlinks -rename /Users/runner/work/Sugar-Maple/Sugar-Maple/build/DerivedData/Build/Intermediates.noindex/Sugar\ Maple.build/Debug/Sugar\ Maple.build/Objects-normal/arm64/Sugar_Maple.swiftsourceinfo /Users/runner/work/Sugar-Maple/Sugar-Maple/build/DerivedData/Build/Products/Debug/Sugar_Maple.swiftmodule/Project/arm64-apple-macos.swiftsourceinfo
2026-10-02T10:48:02.7499760Z 
2026-10-02T10:48:02.7500470Z SwiftDriverJobDiscovery normal arm64 Compiling ContentView.swift, DocumentPackage.swift, DocumentPersistence.swift, GeneratedAssetSymbols.swift (in target 'Sugar Maple' from project 'Sugar Maple')
2026-10-02T10:48:02.7528920Z 
2026-10-02T10:48:02.7561680Z SwiftDriverJobDiscovery normal arm64 Compiling EditorHost.swift, MCPServer.swift, MCPTools.swift, MyApp.swift, NativeAccessPolicy.swift (in target 'Sugar Maple' from project 'Sugar Maple')
2026-10-02T10:48:02.7581970Z 
2026-10-02T10:48:02.7619380Z SwiftDriver\ Compilation Sugar\ Maple normal arm64 com.apple.xcode.tools.swift.compiler (in target 'Sugar Maple' from project 'Sugar Maple')
2026-10-02T10:48:02.7625230Z     cd /Users/runner/work/Sugar-Maple/Sugar-Maple/src/apple
2026-10-02T10:48:02.7670270Z     builtin-Swift-Compilation -- /Applications/Xcode_16.4.app/Contents/Developer/Toolchains/XcodeDefault.xctoolchain/usr/bin/swiftc -module-name Sugar_Maple -Onone -enforce-exclusivity\=checked @/Users/runner/work/Sugar-Maple/Sugar-Maple/build/DerivedData/Build/Intermediates.noindex/Sugar\ Maple.build/Debug/Sugar\ Maple.build/Objects-normal/arm64/Sugar\ Maple.SwiftFileList -DDEBUG -enable-bare-slash-regex -enable-upcoming-feature MemberImportVisibility -enable-experimental-feature DebugDescriptionMacro -sdk /Applications/Xcode_16.4.app/Contents/Developer/Platforms/MacOSX.platform/Developer/SDKs/MacOSX15.5.sdk -target arm64-apple-macos15.4 -g -module-cache-path /Users/runner/work/Sugar-Maple/Sugar-Maple/build/DerivedData/ModuleCache.noindex -Xfrontend -serialize-debugging-options -enable-testing -index-store-path /Users/runner/work/Sugar-Maple/Sugar-Maple/build/DerivedData/Index.noindex/DataStore -swift-version 5 -I /Users/runner/work/Sugar-Maple/Sugar-Maple/build/DerivedData/Build/Products/Debug -F /Users/runner/work/Sugar-Maple/Sugar-Maple/build/DerivedData/Build/Products/Debug -emit-localized-strings -emit-localized-strings-path /Users/runner/work/Sugar-Maple/Sugar-Maple/build/DerivedData/Build/Intermediates.noindex/Sugar\ Maple.build/Debug/Sugar\ Maple.build/Objects-normal/arm64 -c -j3 -enable-batch-mode -incremental -Xcc -ivfsstatcache -Xcc /Users/runner/work/Sugar-Maple/Sugar-Maple/build/DerivedData/SDKStatCaches.noindex/macosx15.5-24F74-a403186ba963133a54a0e0cacd566b0b.sdkstatcache -output-file-map /Users/runner/work/Sugar-Maple/Sugar-Maple/build/DerivedData/Build/Intermediates.noindex/Sugar\ Maple.build/Debug/Sugar\ Maple.build/Objects-normal/arm64/Sugar\ Maple-OutputFileMap.json -use-frontend-parseable-output -save-temps -no-color-diagnostics -serialize-diagnostics -emit-dependencies -emit-module -emit-module-path /Users/runner/work/Sugar-Maple/Sugar-Maple/build/DerivedData/Build/Intermediates.noindex/Sugar\ Maple.build/Debug/Sugar\ Maple.build/Objects-normal/arm64/Sugar_Maple.swiftmodule -validate-clang-modules-once -clang-build-session-file /Users/runner/work/Sugar-Maple/Sugar-Maple/build/DerivedData/ModuleCache.noindex/Session.modulevalidation -Xcc -I/Users/runner/work/Sugar-Maple/Sugar-Maple/build/DerivedData/Build/Intermediates.noindex/Sugar\ Maple.build/Debug/Sugar\ Maple.build/swift-overrides.hmap -emit-const-values -Xfrontend -const-gather-protocols-file -Xfrontend /Users/runner/work/Sugar-Maple/Sugar-Maple/build/DerivedData/Build/Intermediates.noindex/Sugar\ Maple.build/Debug/Sugar\ Maple.build/Objects-normal/arm64/Sugar\ Maple_const_extract_protocols.json -Xcc -iquote -Xcc /Users/runner/work/Sugar-Maple/Sugar-Maple/build/DerivedData/Build/Intermediates.noindex/Sugar\ Maple.build/Debug/Sugar\ Maple.build/Sugar\ Maple-generated-files.hmap -Xcc -I/Users/runner/work/Sugar-Maple/Sugar-Maple/build/DerivedData/Build/Intermediates.noindex/Sugar\ Maple.build/Debug/Sugar\ Maple.build/Sugar\ Maple-own-target-headers.hmap -Xcc -I/Users/runner/work/Sugar-Maple/Sugar-Maple/build/DerivedData/Build/Intermediates.noindex/Sugar\ Maple.build/Debug/Sugar\ Maple.build/Sugar\ Maple-all-target-headers.hmap -Xcc -iquote -Xcc /Users/runner/work/Sugar-Maple/Sugar-Maple/build/DerivedData/Build/Intermediates.noindex/Sugar\ Maple.build/Debug/Sugar\ Maple.build/Sugar\ Maple-project-headers.hmap -Xcc -I/Users/runner/work/Sugar-Maple/Sugar-Maple/build/DerivedData/Build/Products/Debug/include -Xcc -I/Users/runner/work/Sugar-Maple/Sugar-Maple/build/DerivedData/Build/Intermediates.noindex/Sugar\ Maple.build/Debug/Sugar\ Maple.build/DerivedSources-normal/arm64 -Xcc -I/Users/runner/work/Sugar-Maple/Sugar-Maple/build/DerivedData/Build/Intermediates.noindex/Sugar\ Maple.build/Debug/Sugar\ Maple.build/DerivedSources/arm64 -Xcc -I/Users/runner/work/Sugar-Maple/Sugar-Maple/build/DerivedData/Build/Intermediates.noindex/Sugar\ Maple.build/Debug/Sugar\ Maple.build/DerivedSources -Xcc -DDEBUG\=1 -emit-objc-header -emit-objc-header-path /Users/runner/work/Sugar-Maple/Sugar-Maple/build/DerivedData/Build/Intermediates.noindex/Sugar\ Maple.build/Debug/Sugar\ Maple.build/Objects-normal/arm64/Sugar_Maple-Swift.h -working-directory /Users/runner/work/Sugar-Maple/Sugar-Maple/src/apple -experimental-emit-module-separately -disable-cmo
2026-10-02T10:48:02.7709150Z 
2026-10-02T10:48:02.7711870Z Ld /Users/runner/work/Sugar-Maple/Sugar-Maple/build/DerivedData/Build/Products/Debug/Sugar\ Maple.app/Contents/MacOS/Sugar\ Maple.debug.dylib normal (in target 'Sugar Maple' from project 'Sugar Maple')
2026-10-02T10:48:02.7712840Z     cd /Users/runner/work/Sugar-Maple/Sugar-Maple/src/apple
2026-10-02T10:48:02.7728740Z     /Applications/Xcode_16.4.app/Contents/Developer/Toolchains/XcodeDefault.xctoolchain/usr/bin/clang -Xlinker -reproducible -target arm64-apple-macos15.4 -dynamiclib -isysroot /Applications/Xcode_16.4.app/Contents/Developer/Platforms/MacOSX.platform/Developer/SDKs/MacOSX15.5.sdk -O0 -L/Users/runner/work/Sugar-Maple/Sugar-Maple/build/DerivedData/Build/Intermediates.noindex/EagerLinkingTBDs/Debug -L/Users/runner/work/Sugar-Maple/Sugar-Maple/build/DerivedData/Build/Products/Debug -F/Users/runner/work/Sugar-Maple/Sugar-Maple/build/DerivedData/Build/Intermediates.noindex/EagerLinkingTBDs/Debug -F/Users/runner/work/Sugar-Maple/Sugar-Maple/build/DerivedData/Build/Products/Debug -filelist /Users/runner/work/Sugar-Maple/Sugar-Maple/build/DerivedData/Build/Intermediates.noindex/Sugar\ Maple.build/Debug/Sugar\ Maple.build/Objects-normal/arm64/Sugar\ Maple.LinkFileList -install_name @rpath/Sugar\ Maple.debug.dylib -Xlinker -rpath -Xlinker @executable_path/../Frameworks -dead_strip -Xlinker -object_path_lto -Xlinker /Users/runner/work/Sugar-Maple/Sugar-Maple/build/DerivedData/Build/Intermediates.noindex/Sugar\ Maple.build/Debug/Sugar\ Maple.build/Objects-normal/arm64/Sugar\ Maple_lto.o -rdynamic -Xlinker -no_deduplicate -Xlinker -dependency_info -Xlinker /Users/runner/work/Sugar-Maple/Sugar-Maple/build/DerivedData/Build/Intermediates.noindex/Sugar\ Maple.build/Debug/Sugar\ Maple.build/Objects-normal/arm64/Sugar\ Maple_dependency_info.dat -fobjc-link-runtime -L/Applications/Xcode_16.4.app/Contents/Developer/Toolchains/XcodeDefault.xctoolchain/usr/lib/swift/macosx -L/usr/lib/swift -Xlinker -add_ast_path -Xlinker /Users/runner/work/Sugar-Maple/Sugar-Maple/build/DerivedData/Build/Intermediates.noindex/Sugar\ Maple.build/Debug/Sugar\ Maple.build/Objects-normal/arm64/Sugar_Maple.swiftmodule -Xlinker -alias -Xlinker _main -Xlinker ___debug_main_executable_dylib_entry_point -o /Users/runner/work/Sugar-Maple/Sugar-Maple/build/DerivedData/Build/Products/Debug/Sugar\ Maple.app/Contents/MacOS/Sugar\ Maple.debug.dylib
2026-10-02T10:48:03.9587130Z 
2026-10-02T10:48:03.9689200Z ConstructStubExecutorLinkFileList /Users/runner/work/Sugar-Maple/Sugar-Maple/build/DerivedData/Build/Intermediates.noindex/Sugar\ Maple.build/Debug/Sugar\ Maple.build/Sugar\ Maple-ExecutorLinkFileList-normal-arm64.txt (in target 'Sugar Maple' from project 'Sugar Maple')
2026-10-02T10:48:03.9789000Z     cd /Users/runner/work/Sugar-Maple/Sugar-Maple/src/apple
2026-10-02T10:48:03.9899060Z     construct-stub-executor-link-file-list /Users/runner/work/Sugar-Maple/Sugar-Maple/build/DerivedData/Build/Products/Debug/Sugar\ Maple.app/Contents/MacOS/Sugar\ Maple.debug.dylib /Applications/Xcode_16.4.app/Contents/Developer/Platforms/MacOSX.platform/Developer/usr/lib/libPreviewsJITStubExecutor_no_swift_entry_point.a /Applications/Xcode_16.4.app/Contents/Developer/Platforms/MacOSX.platform/Developer/usr/lib/libPreviewsJITStubExecutor.a --output /Users/runner/work/Sugar-Maple/Sugar-Maple/build/DerivedData/Build/Intermediates.noindex/Sugar\ Maple.build/Debug/Sugar\ Maple.build/Sugar\ Maple-ExecutorLinkFileList-normal-arm64.txt
2026-10-02T10:48:04.0015170Z note: Using stub executor library with Swift entry point. (in target 'Sugar Maple' from project 'Sugar Maple')
2026-10-02T10:48:04.0121750Z 
2026-10-02T10:48:04.0226250Z Ld /Users/runner/work/Sugar-Maple/Sugar-Maple/build/DerivedData/Build/Products/Debug/Sugar\ Maple.app/Contents/MacOS/Sugar\ Maple normal (in target 'Sugar Maple' from project 'Sugar Maple')
2026-10-02T10:48:04.0329130Z     cd /Users/runner/work/Sugar-Maple/Sugar-Maple/src/apple
2026-10-02T10:48:04.0442880Z     /Applications/Xcode_16.4.app/Contents/Developer/Toolchains/XcodeDefault.xctoolchain/usr/bin/clang -Xlinker -reproducible -target arm64-apple-macos15.4 -isysroot /Applications/Xcode_16.4.app/Contents/Developer/Platforms/MacOSX.platform/Developer/SDKs/MacOSX15.5.sdk -O0 -L/Users/runner/work/Sugar-Maple/Sugar-Maple/build/DerivedData/Build/Products/Debug -F/Users/runner/work/Sugar-Maple/Sugar-Maple/build/DerivedData/Build/Products/Debug -Xlinker -rpath -Xlinker @executable_path -Xlinker -rpath -Xlinker @executable_path/../Frameworks -rdynamic -Xlinker -no_deduplicate -e ___debug_blank_executor_main -Xlinker -sectcreate -Xlinker __TEXT -Xlinker __debug_dylib -Xlinker /Users/runner/work/Sugar-Maple/Sugar-Maple/build/DerivedData/Build/Intermediates.noindex/Sugar\ Maple.build/Debug/Sugar\ Maple.build/Sugar\ Maple-DebugDylibPath-normal-arm64.txt -Xlinker -sectcreate -Xlinker __TEXT -Xlinker __debug_instlnm -Xlinker /Users/runner/work/Sugar-Maple/Sugar-Maple/build/DerivedData/Build/Intermediates.noindex/Sugar\ Maple.build/Debug/Sugar\ Maple.build/Sugar\ Maple-DebugDylibInstallName-normal-arm64.txt -Xlinker -filelist -Xlinker /Users/runner/work/Sugar-Maple/Sugar-Maple/build/DerivedData/Build/Intermediates.noindex/Sugar\ Maple.build/Debug/Sugar\ Maple.build/Sugar\ Maple-ExecutorLinkFileList-normal-arm64.txt /Users/runner/work/Sugar-Maple/Sugar-Maple/build/DerivedData/Build/Products/Debug/Sugar\ Maple.app/Contents/MacOS/Sugar\ Maple.debug.dylib -o /Users/runner/work/Sugar-Maple/Sugar-Maple/build/DerivedData/Build/Products/Debug/Sugar\ Maple.app/Contents/MacOS/Sugar\ Maple
2026-10-02T10:48:04.0529650Z 
2026-10-02T10:48:04.0632310Z PhaseScriptExecution Bundle\ Editor /Users/runner/work/Sugar-Maple/Sugar-Maple/build/DerivedData/Build/Intermediates.noindex/Sugar\ Maple.build/Debug/Sugar\ Maple.build/Script-000000000000000150000000.sh (in target 'Sugar Maple' from project 'Sugar Maple')
2026-10-02T10:48:04.0736510Z     cd /Users/runner/work/Sugar-Maple/Sugar-Maple/src/apple
2026-10-02T10:48:04.0838070Z     export ACTION\=build
2026-10-02T10:48:04.0941930Z     export AD_HOC_CODE_SIGNING_ALLOWED\=YES
2026-10-02T10:48:04.1043720Z     export AGGREGATE_TRACKED_DOMAINS\=YES
2026-10-02T10:48:04.1146080Z     export ALLOW_BUILD_REQUEST_OVERRIDES\=NO
2026-10-02T10:48:04.1248000Z     export ALLOW_TARGET_PLATFORM_SPECIALIZATION\=NO
2026-10-02T10:48:04.1348350Z     export ALTERNATE_GROUP\=staff
2026-10-02T10:48:04.1451870Z     export ALTERNATE_MODE\=u+w,go-w,a+rX
2026-10-02T10:48:04.1555420Z     export ALTERNATE_OWNER\=runner
2026-10-02T10:48:04.1654870Z     export ALTERNATIVE_DISTRIBUTION_WEB\=NO
2026-10-02T10:48:04.1756730Z     export ALWAYS_EMBED_SWIFT_STANDARD_LIBRARIES\=NO
2026-10-02T10:48:04.1858330Z     export ALWAYS_SEARCH_USER_PATHS\=NO
2026-10-02T10:48:04.1959660Z     export ALWAYS_USE_SEPARATE_HEADERMAPS\=NO
2026-10-02T10:48:04.2060640Z     export APPLICATION_EXTENSION_API_ONLY\=NO
2026-10-02T10:48:04.2162410Z     export APPLY_RULES_IN_COPY_FILES\=NO
2026-10-02T10:48:04.2262470Z     export APPLY_RULES_IN_COPY_HEADERS\=NO
2026-10-02T10:48:04.2363280Z     export APP_SHORTCUTS_ENABLE_FLEXIBLE_MATCHING\=YES
2026-10-02T10:48:04.2464690Z     export ARCHS\=arm64
2026-10-02T10:48:04.2565280Z     export ARCHS_STANDARD\=arm64\ x86_64
2026-10-02T10:48:04.2665750Z     export ARCHS_STANDARD_32_64_BIT\=arm64\ x86_64\ i386
2026-10-02T10:48:04.2769270Z     export ARCHS_STANDARD_32_BIT\=i386
2026-10-02T10:48:04.2868320Z     export ARCHS_STANDARD_64_BIT\=arm64\ x86_64
2026-10-02T10:48:04.2970900Z     export ARCHS_STANDARD_INCLUDING_64_BIT\=arm64\ x86_64
2026-10-02T10:48:04.3072840Z     export ASSETCATALOG_COMPILER_GENERATE_SWIFT_ASSET_SYMBOL_EXTENSIONS\=YES
2026-10-02T10:48:04.3145690Z     export AUTOMATICALLY_MERGE_DEPENDENCIES\=NO
2026-10-02T10:48:04.3247590Z     export AVAILABLE_PLATFORMS\=android\ appletvos\ appletvsimulator\ driverkit\ iphoneos\ iphonesimulator\ macosx\ qnx\ watchos\ watchsimulator\ xros\ xrsimulator
2026-10-02T10:48:04.3337440Z     export BITCODE_GENERATION_MODE\=marker
2026-10-02T10:48:04.3439770Z     export BUILD_ACTIVE_RESOURCES_ONLY\=NO
2026-10-02T10:48:04.3520510Z     export BUILD_COMPONENTS\=headers\ build
2026-10-02T10:48:04.3583360Z     export BUILD_DIR\=/Users/runner/work/Sugar-Maple/Sugar-Maple/build/DerivedData/Build/Products
2026-10-02T10:48:04.3685530Z     export BUILD_LIBRARY_FOR_DISTRIBUTION\=NO
2026-10-02T10:48:04.3774040Z     export BUILD_ROOT\=/Users/runner/work/Sugar-Maple/Sugar-Maple/build/DerivedData/Build/Products
2026-10-02T10:48:04.3879890Z     export BUILD_STYLE\=
2026-10-02T10:48:04.3982160Z     export BUILD_VARIANTS\=normal
2026-10-02T10:48:04.4086300Z     export BUILT_PRODUCTS_DIR\=/Users/runner/work/Sugar-Maple/Sugar-Maple/build/DerivedData/Build/Products/Debug
2026-10-02T10:48:04.4186160Z     export BUNDLE_CONTENTS_FOLDER_PATH\=Contents/
2026-10-02T10:48:04.4264880Z     export BUNDLE_CONTENTS_FOLDER_PATH_deep\=Contents/
2026-10-02T10:48:04.4367020Z     export BUNDLE_EXECUTABLE_FOLDER_NAME_deep\=MacOS
2026-10-02T10:48:04.4460650Z     export BUNDLE_EXECUTABLE_FOLDER_PATH\=Contents/MacOS
2026-10-02T10:48:04.4557800Z     export BUNDLE_EXTENSIONS_FOLDER_PATH\=Contents/Extensions
2026-10-02T10:48:04.4670660Z     export BUNDLE_FORMAT\=deep
2026-10-02T10:48:04.4772630Z     export BUNDLE_FRAMEWORKS_FOLDER_PATH\=Contents/Frameworks
2026-10-02T10:48:04.4874520Z     export BUNDLE_PLUGINS_FOLDER_PATH\=Contents/PlugIns
2026-10-02T10:48:04.4975130Z     export BUNDLE_PRIVATE_HEADERS_FOLDER_PATH\=Contents/PrivateHeaders
2026-10-02T10:48:04.5014120Z     export BUNDLE_PUBLIC_HEADERS_FOLDER_PATH\=Contents/Headers
2026-10-02T10:48:04.5077560Z     export CACHE_ROOT\=/var/folders/nj/vtw8zd2j31d1gdrtntc5y4600000gn/C/com.apple.DeveloperTools/16.4-16F6/Xcode
2026-10-02T10:48:04.5169000Z     export CCHROOT\=/var/folders/nj/vtw8zd2j31d1gdrtntc5y4600000gn/C/com.apple.DeveloperTools/16.4-16F6/Xcode
2026-10-02T10:48:04.5270570Z     export CHMOD\=/bin/chmod
2026-10-02T10:48:04.5314350Z     export CHOWN\=/usr/sbin/chown
2026-10-02T10:48:04.5327780Z     export CLANG_ANALYZER_NONNULL\=YES
2026-10-02T10:48:04.5328880Z     export CLANG_ANALYZER_NUMBER_OBJECT_CONVERSION\=YES_AGGRESSIVE
2026-10-02T10:48:04.5329960Z     export CLANG_CACHE_FINE_GRAINED_OUTPUTS\=YES
2026-10-02T10:48:04.5330580Z     export CLANG_CXX_LANGUAGE_STANDARD\=gnu++20
2026-10-02T10:48:04.5333600Z     export CLANG_ENABLE_EXPLICIT_MODULES\=YES
2026-10-02T10:48:04.5334130Z     export CLANG_ENABLE_MODULES\=YES
2026-10-02T10:48:04.5334430Z     export CLANG_ENABLE_OBJC_ARC\=YES
2026-10-02T10:48:04.5335030Z     export CLANG_ENABLE_OBJC_WEAK\=YES
2026-10-02T10:48:04.5347160Z     export CLANG_MODULES_BUILD_SESSION_FILE\=/Users/runner/work/Sugar-Maple/Sugar-Maple/build/DerivedData/ModuleCache.noindex/Session.modulevalidation
2026-10-02T10:48:04.5349510Z     export CLANG_WARN_BLOCK_CAPTURE_AUTORELEASING\=YES
2026-10-02T10:48:04.5397810Z     export CLANG_WARN_BOOL_CONVERSION\=YES
2026-10-02T10:48:04.5398310Z     export CLANG_WARN_COMMA\=YES
2026-10-02T10:48:04.5398680Z     export CLANG_WARN_CONSTANT_CONVERSION\=YES
2026-10-02T10:48:04.5399450Z     export CLANG_WARN_DEPRECATED_OBJC_IMPLEMENTATIONS\=YES
2026-10-02T10:48:04.5400260Z     export CLANG_WARN_DIRECT_OBJC_ISA_USAGE\=YES_ERROR
2026-10-02T10:48:04.5400650Z     export CLANG_WARN_DOCUMENTATION_COMMENTS\=YES
2026-10-02T10:48:04.5401100Z     export CLANG_WARN_EMPTY_BODY\=YES
2026-10-02T10:48:04.5401390Z     export CLANG_WARN_ENUM_CONVERSION\=YES
2026-10-02T10:48:04.5401750Z     export CLANG_WARN_INFINITE_RECURSION\=YES
2026-10-02T10:48:04.5404220Z     export CLANG_WARN_INT_CONVERSION\=YES
2026-10-02T10:48:04.5405150Z     export CLANG_WARN_NON_LITERAL_NULL_CONVERSION\=YES
2026-10-02T10:48:04.5406140Z     export CLANG_WARN_OBJC_IMPLICIT_RETAIN_SELF\=YES
2026-10-02T10:48:04.5406970Z     export CLANG_WARN_OBJC_LITERAL_CONVERSION\=YES
2026-10-02T10:48:04.5407850Z     export CLANG_WARN_OBJC_ROOT_CLASS\=YES_ERROR
2026-10-02T10:48:04.5408690Z     export CLANG_WARN_QUOTED_INCLUDE_IN_FRAMEWORK_HEADER\=YES
2026-10-02T10:48:04.5409690Z     export CLANG_WARN_RANGE_LOOP_ANALYSIS\=YES
2026-10-02T10:48:04.5410450Z     export CLANG_WARN_STRICT_PROTOTYPES\=YES
2026-10-02T10:48:04.5411630Z     export CLANG_WARN_SUSPICIOUS_MOVE\=YES
2026-10-02T10:48:04.5412660Z     export CLANG_WARN_UNGUARDED_AVAILABILITY\=YES_AGGRESSIVE
2026-10-02T10:48:04.5413640Z     export CLANG_WARN_UNREACHABLE_CODE\=YES
2026-10-02T10:48:04.5414400Z     export CLANG_WARN__DUPLICATE_METHOD_MATCH\=YES
2026-10-02T10:48:04.5416280Z     export CLASS_FILE_DIR\=/Users/runner/work/Sugar-Maple/Sugar-Maple/build/DerivedData/Build/Intermediates.noindex/Sugar\ Maple.build/Debug/Sugar\ Maple.build/JavaClasses
2026-10-02T10:48:04.5418500Z     export CLEAN_PRECOMPS\=YES
2026-10-02T10:48:04.5419330Z     export CLONE_HEADERS\=NO
2026-10-02T10:48:04.5420760Z     export CODESIGNING_FOLDER_PATH\=/Users/runner/work/Sugar-Maple/Sugar-Maple/build/DerivedData/Build/Products/Debug/Sugar\ Maple.app
2026-10-02T10:48:04.5422200Z     export CODE_SIGNING_ALLOWED\=NO
2026-10-02T10:48:04.5422910Z     export CODE_SIGNING_REQUIRED\=YES
2026-10-02T10:48:04.5423820Z     export CODE_SIGN_IDENTITY\=Apple\ Development
2026-10-02T10:48:04.5426580Z     export CODE_SIGN_IDENTITY_NO\=Apple\ Development
2026-10-02T10:48:04.5428470Z     export CODE_SIGN_IDENTITY_YES\=-
2026-10-02T10:48:04.5429240Z     export CODE_SIGN_INJECT_BASE_ENTITLEMENTS\=YES
2026-10-02T10:48:04.5430130Z     export CODE_SIGN_STYLE\=Automatic
2026-10-02T10:48:04.5430920Z     export COLOR_DIAGNOSTICS\=NO
2026-10-02T10:48:04.5431690Z     export COMBINE_HIDPI_IMAGES\=NO
2026-10-02T10:48:04.5433100Z     export COMPILATION_CACHE_CAS_PATH\=/Users/runner/work/Sugar-Maple/Sugar-Maple/build/DerivedData/CompilationCache.noindex
2026-10-02T10:48:04.5434730Z     export COMPILATION_CACHE_KEEP_CAS_DIRECTORY\=YES
2026-10-02T10:48:04.5435740Z     export COMPILER_INDEX_STORE_ENABLE\=Default
2026-10-02T10:48:04.5438030Z     export COMPOSITE_SDK_DIRS\=/Users/runner/work/Sugar-Maple/Sugar-Maple/build/DerivedData/Build/Intermediates.noindex/CompositeSDKs
2026-10-02T10:48:04.5439760Z     export COMPRESS_PNG_FILES\=NO
2026-10-02T10:48:04.5440720Z     export CONFIGURATION\=Debug
2026-10-02T10:48:04.5441890Z     export CONFIGURATION_BUILD_DIR\=/Users/runner/work/Sugar-Maple/Sugar-Maple/build/DerivedData/Build/Products/Debug
2026-10-02T10:48:04.5443550Z     export CONFIGURATION_TEMP_DIR\=/Users/runner/work/Sugar-Maple/Sugar-Maple/build/DerivedData/Build/Intermediates.noindex/Sugar\ Maple.build/Debug
2026-10-02T10:48:04.5444300Z     export CONTENTS_FOLDER_PATH\=Sugar\ Maple.app/Contents
2026-10-02T10:48:04.5444750Z     export CONTENTS_FOLDER_PATH_SHALLOW_BUNDLE_NO\=Sugar\ Maple.app/Contents
2026-10-02T10:48:04.5445460Z     export CONTENTS_FOLDER_PATH_SHALLOW_BUNDLE_YES\=Sugar\ Maple.app
2026-10-02T10:48:04.5445910Z     export COPYING_PRESERVES_HFS_DATA\=NO
2026-10-02T10:48:04.5446260Z     export COPY_HEADERS_RUN_UNIFDEF\=NO
2026-10-02T10:48:04.5446510Z     export COPY_PHASE_STRIP\=NO
2026-10-02T10:48:04.5446820Z     export CP\=/bin/cp
2026-10-02T10:48:04.5447150Z     export CREATE_INFOPLIST_SECTION_IN_BINARY\=NO
2026-10-02T10:48:04.5447550Z     export CURRENT_ARCH\=undefined_arch
2026-10-02T10:48:04.5447880Z     export CURRENT_PROJECT_VERSION\=1
2026-10-02T10:48:04.5448550Z     export CURRENT_VARIANT\=normal
2026-10-02T10:48:04.5448880Z     export DEAD_CODE_STRIPPING\=YES
2026-10-02T10:48:04.5449250Z     export DEBUGGING_SYMBOLS\=YES
2026-10-02T10:48:04.5449540Z     export DEBUG_INFORMATION_FORMAT\=dwarf
2026-10-02T10:48:04.5449890Z     export DEBUG_INFORMATION_VERSION\=compiler-default
2026-10-02T10:48:04.5450220Z     export DEFAULT_COMPILER\=com.apple.compilers.llvm.clang.1_0
2026-10-02T10:48:04.5450700Z     export DEFAULT_DEXT_INSTALL_PATH\=/System/Library/DriverExtensions
2026-10-02T10:48:04.5453520Z     export DEFAULT_KEXT_INSTALL_PATH\=/System/Library/Extensions
2026-10-02T10:48:04.5454340Z     export DEFINES_MODULE\=NO
2026-10-02T10:48:04.5454900Z     export DEPLOYMENT_LOCATION\=NO
2026-10-02T10:48:04.5455740Z     export DEPLOYMENT_POSTPROCESSING\=NO
2026-10-02T10:48:04.5456910Z     export DEPLOYMENT_TARGET_SETTING_NAME\=MACOSX_DEPLOYMENT_TARGET
2026-10-02T10:48:04.5458770Z     export DEPLOYMENT_TARGET_SUGGESTED_VALUES\=10.13\ 10.14\ 10.15\ 11.0\ 11.1\ 11.2\ 11.3\ 11.4\ 11.5\ 12.0\ 12.2\ 12.3\ 12.4\ 13.0\ 13.1\ 13.2\ 13.3\ 13.4\ 13.5\ 14.0\ 14.1\ 14.2\ 14.3\ 14.4\ 14.5\ 14.6\ 15.0\ 15.1\ 15.2\ 15.3\ 15.4\ 15.5
2026-10-02T10:48:04.5461720Z     export DERIVED_FILES_DIR\=/Users/runner/work/Sugar-Maple/Sugar-Maple/build/DerivedData/Build/Intermediates.noindex/Sugar\ Maple.build/Debug/Sugar\ Maple.build/DerivedSources
2026-10-02T10:48:04.5464620Z     export DERIVED_FILE_DIR\=/Users/runner/work/Sugar-Maple/Sugar-Maple/build/DerivedData/Build/Intermediates.noindex/Sugar\ Maple.build/Debug/Sugar\ Maple.build/DerivedSources
2026-10-02T10:48:04.5467870Z     export DERIVED_SOURCES_DIR\=/Users/runner/work/Sugar-Maple/Sugar-Maple/build/DerivedData/Build/Intermediates.noindex/Sugar\ Maple.build/Debug/Sugar\ Maple.build/DerivedSources
2026-10-02T10:48:04.5470070Z     export DEVELOPER_APPLICATIONS_DIR\=/Applications/Xcode_16.4.app/Contents/Developer/Applications
2026-10-02T10:48:04.5472160Z     export DEVELOPER_BIN_DIR\=/Applications/Xcode_16.4.app/Contents/Developer/usr/bin
2026-10-02T10:48:04.5473660Z     export DEVELOPER_DIR\=/Applications/Xcode_16.4.app/Contents/Developer
2026-10-02T10:48:04.5475020Z     export DEVELOPER_FRAMEWORKS_DIR\=/Applications/Xcode_16.4.app/Contents/Developer/Library/Frameworks
2026-10-02T10:48:04.5476670Z     export DEVELOPER_FRAMEWORKS_DIR_QUOTED\=/Applications/Xcode_16.4.app/Contents/Developer/Library/Frameworks
2026-10-02T10:48:04.5478280Z     export DEVELOPER_LIBRARY_DIR\=/Applications/Xcode_16.4.app/Contents/Developer/Library
2026-10-02T10:48:04.5479810Z     export DEVELOPER_SDK_DIR\=/Applications/Xcode_16.4.app/Contents/Developer/Platforms/MacOSX.platform/Developer/SDKs
2026-10-02T10:48:04.5481290Z     export DEVELOPER_TOOLS_DIR\=/Applications/Xcode_16.4.app/Contents/Developer/Tools
2026-10-02T10:48:04.5482460Z     export DEVELOPER_USR_DIR\=/Applications/Xcode_16.4.app/Contents/Developer/usr
2026-10-02T10:48:04.5483360Z     export DEVELOPMENT_LANGUAGE\=en
2026-10-02T10:48:04.5483940Z     export DEVELOPMENT_TEAM\=QREP66JW5U
2026-10-02T10:48:04.5485010Z     export DIAGNOSE_MISSING_TARGET_DEPENDENCIES\=YES
2026-10-02T10:48:04.5485710Z     export DIFF\=/usr/bin/diff
2026-10-02T10:48:04.5486630Z     export DOCUMENTATION_FOLDER_PATH\=Sugar\ Maple.app/Contents/Resources/en.lproj/Documentation
2026-10-02T10:48:04.5487710Z     export DONT_GENERATE_INFOPLIST_FILE\=NO
2026-10-02T10:48:04.5488350Z     export DSTROOT\=/tmp/Sugar\ Maple.dst
2026-10-02T10:48:04.5489460Z     export DT_TOOLCHAIN_DIR\=/Applications/Xcode_16.4.app/Contents/Developer/Toolchains/XcodeDefault.xctoolchain
2026-10-02T10:48:04.5490880Z     export DWARF_DSYM_FILE_NAME\=Sugar\ Maple.app.dSYM
2026-10-02T10:48:04.5491750Z     export DWARF_DSYM_FILE_SHOULD_ACCOMPANY_PRODUCT\=NO
2026-10-02T10:48:04.5492970Z     export DWARF_DSYM_FOLDER_PATH\=/Users/runner/work/Sugar-Maple/Sugar-Maple/build/DerivedData/Build/Products/Debug
2026-10-02T10:48:04.5494240Z     export DYNAMIC_LIBRARY_EXTENSION\=dylib
2026-10-02T10:48:04.5494920Z     export EAGER_COMPILATION_ALLOW_SCRIPTS\=NO
2026-10-02T10:48:04.5496420Z     export EAGER_LINKING\=NO
2026-10-02T10:48:04.5496990Z     export EMBEDDED_CONTENT_CONTAINS_SWIFT\=NO
2026-10-02T10:48:04.5497750Z     export EMBEDDED_PROFILE_NAME\=embedded.provisionprofile
2026-10-02T10:48:04.5498550Z     export EMBED_ASSET_PACKS_IN_PRODUCT_BUNDLE\=NO
2026-10-02T10:48:04.5499210Z     export ENABLE_APP_SANDBOX\=YES
2026-10-02T10:48:04.5499760Z     export ENABLE_BITCODE\=NO
2026-10-02T10:48:04.5500300Z     export ENABLE_CODE_COVERAGE\=YES
2026-10-02T10:48:04.5500940Z     export ENABLE_DEBUG_DYLIB\=YES
2026-10-02T10:48:04.5501570Z     export ENABLE_DEFAULT_HEADER_SEARCH_PATHS\=YES
2026-10-02T10:48:04.5502250Z     export ENABLE_DEFAULT_SEARCH_PATHS\=YES
2026-10-02T10:48:04.5502870Z     export ENABLE_HARDENED_RUNTIME\=NO
2026-10-02T10:48:04.5503490Z     export ENABLE_HEADER_DEPENDENCIES\=YES
2026-10-02T10:48:04.5504170Z     export ENABLE_INCOMING_NETWORK_CONNECTIONS\=YES
2026-10-02T10:48:04.5504860Z     export ENABLE_ON_DEMAND_RESOURCES\=NO
2026-10-02T10:48:04.5505560Z     export ENABLE_OUTGOING_NETWORK_CONNECTIONS\=YES
2026-10-02T10:48:04.5506230Z     export ENABLE_PREVIEWS\=NO
2026-10-02T10:48:04.5506890Z     export ENABLE_RESOURCE_ACCESS_AUDIO_INPUT\=NO
2026-10-02T10:48:04.5507610Z     export ENABLE_RESOURCE_ACCESS_BLUETOOTH\=NO
2026-10-02T10:48:04.5508300Z     export ENABLE_RESOURCE_ACCESS_CALENDARS\=NO
2026-10-02T10:48:04.5508990Z     export ENABLE_RESOURCE_ACCESS_CAMERA\=NO
2026-10-02T10:48:04.5509650Z     export ENABLE_RESOURCE_ACCESS_CONTACTS\=NO
2026-10-02T10:48:04.5510320Z     export ENABLE_RESOURCE_ACCESS_LOCATION\=NO
2026-10-02T10:48:04.5510980Z     export ENABLE_RESOURCE_ACCESS_PRINTING\=NO
2026-10-02T10:48:04.5512150Z     export ENABLE_RESOURCE_ACCESS_USB\=NO
2026-10-02T10:48:04.5512770Z     export ENABLE_SDK_IMPORTS\=NO
2026-10-02T10:48:04.5513350Z     export ENABLE_STRICT_OBJC_MSGSEND\=YES
2026-10-02T10:48:04.5513960Z     export ENABLE_TESTABILITY\=YES
2026-10-02T10:48:04.5514760Z     export ENABLE_TESTING_SEARCH_PATHS\=NO
2026-10-02T10:48:04.5516100Z     export ENABLE_USER_SCRIPT_SANDBOXING\=NO
2026-10-02T10:48:04.5516850Z     export ENABLE_USER_SELECTED_FILES\=readwrite
2026-10-02T10:48:04.5517510Z     export ENABLE_XOJIT_PREVIEWS\=YES
2026-10-02T10:48:04.5518420Z     export ENFORCE_VALID_ARCHS\=YES
2026-10-02T10:48:04.5519010Z     export ENTITLEMENTS_ALLOWED\=YES
2026-10-02T10:48:04.5519670Z     export ENTITLEMENTS_DESTINATION\=Signature
2026-10-02T10:48:04.5520320Z     export ENTITLEMENTS_REQUIRED\=NO
2026-10-02T10:48:04.5521200Z     export EXCLUDED_INSTALLSRC_SUBDIRECTORY_PATTERNS\=.DS_Store\ .svn\ .git\ .hg\ CVS
2026-10-02T10:48:04.5523300Z     export EXCLUDED_RECURSIVE_SEARCH_PATH_SUBDIRECTORIES\=\*.nib\ \*.lproj\ \*.framework\ \*.gch\ \*.xcode\*\ \*.xcassets\ \(\*\)\ .DS_Store\ CVS\ .svn\ .git\ .hg\ \*.pbproj\ \*.pbxproj
2026-10-02T10:48:04.5525110Z     export EXECUTABLES_FOLDER_PATH\=Sugar\ Maple.app/Contents/Executables
2026-10-02T10:48:04.5526370Z     export EXECUTABLE_BLANK_INJECTION_DYLIB_PATH\=Sugar\ Maple.app/Contents/MacOS/__preview.dylib
2026-10-02T10:48:04.5527750Z     export EXECUTABLE_DEBUG_DYLIB_INSTALL_NAME\=@rpath/Sugar\ Maple.debug.dylib
2026-10-02T10:48:04.5529090Z     export EXECUTABLE_DEBUG_DYLIB_PATH\=Sugar\ Maple.app/Contents/MacOS/Sugar\ Maple.debug.dylib
2026-10-02T10:48:04.5530270Z     export EXECUTABLE_FOLDER_PATH\=Sugar\ Maple.app/Contents/MacOS
2026-10-02T10:48:04.5531330Z     export EXECUTABLE_FOLDER_PATH_SHALLOW_BUNDLE_NO\=Sugar\ Maple.app/Contents/MacOS
2026-10-02T10:48:04.5532490Z     export EXECUTABLE_FOLDER_PATH_SHALLOW_BUNDLE_YES\=Sugar\ Maple.app/Contents
2026-10-02T10:48:04.5533430Z     export EXECUTABLE_NAME\=Sugar\ Maple
2026-10-02T10:48:04.5534290Z     export EXECUTABLE_PATH\=Sugar\ Maple.app/Contents/MacOS/Sugar\ Maple
2026-10-02T10:48:04.5535320Z     export EXTENSIONS_FOLDER_PATH\=Sugar\ Maple.app/Contents/Extensions
2026-10-02T10:48:04.5537190Z     export FILE_LIST\=/Users/runner/work/Sugar-Maple/Sugar-Maple/build/DerivedData/Build/Intermediates.noindex/Sugar\ Maple.build/Debug/Sugar\ Maple.build/Objects/LinkFileList
2026-10-02T10:48:04.5541210Z     export FIXED_FILES_DIR\=/Users/runner/work/Sugar-Maple/Sugar-Maple/build/DerivedData/Build/Intermediates.noindex/Sugar\ Maple.build/Debug/Sugar\ Maple.build/FixedFiles
2026-10-02T10:48:04.5548080Z     export FRAMEWORKS_FOLDER_PATH\=Sugar\ Maple.app/Contents/Frameworks
2026-10-02T10:48:04.5549060Z     export FRAMEWORK_FLAG_PREFIX\=-framework
2026-10-02T10:48:04.5550260Z     export FRAMEWORK_SEARCH_PATHS\=/Users/runner/work/Sugar-Maple/Sugar-Maple/build/DerivedData/Build/Products/Debug\ 
2026-10-02T10:48:04.5552560Z     export FRAMEWORK_VERSION\=A
2026-10-02T10:48:04.5553390Z     export FULL_PRODUCT_NAME\=Sugar\ Maple.app
2026-10-02T10:48:04.5554050Z     export FUSE_BUILD_PHASES\=YES
2026-10-02T10:48:04.5554660Z     export FUSE_BUILD_SCRIPT_PHASES\=NO
2026-10-02T10:48:04.5555270Z     export GCC3_VERSION\=3.3
2026-10-02T10:48:04.5555860Z     export GCC_C_LANGUAGE_STANDARD\=gnu17
2026-10-02T10:48:04.5556510Z     export GCC_DYNAMIC_NO_PIC\=NO
2026-10-02T10:48:04.5557180Z     export GCC_INLINES_ARE_PRIVATE_EXTERN\=YES
2026-10-02T10:48:04.5557830Z     export GCC_NO_COMMON_BLOCKS\=YES
2026-10-02T10:48:04.5558450Z     export GCC_OPTIMIZATION_LEVEL\=0
2026-10-02T10:48:04.5559220Z     export GCC_PFE_FILE_C_DIALECTS\=c\ objective-c\ c++\ objective-c++
2026-10-02T10:48:04.5560080Z     export GCC_PREPROCESSOR_DEFINITIONS\=DEBUG\=1\ 
2026-10-02T10:48:04.5560820Z     export GCC_SYMBOLS_PRIVATE_EXTERN\=NO
2026-10-02T10:48:04.5561490Z     export GCC_TREAT_WARNINGS_AS_ERRORS\=NO
2026-10-02T10:48:04.5562250Z     export GCC_VERSION\=com.apple.compilers.llvm.clang.1_0
2026-10-02T10:48:04.5563200Z     export GCC_VERSION_IDENTIFIER\=com_apple_compilers_llvm_clang_1_0
2026-10-02T10:48:04.5564060Z     export GCC_WARN_64_TO_32_BIT_CONVERSION\=YES
2026-10-02T10:48:04.5564780Z     export GCC_WARN_ABOUT_RETURN_TYPE\=YES_ERROR
2026-10-02T10:48:04.5565460Z     export GCC_WARN_UNDECLARED_SELECTOR\=YES
2026-10-02T10:48:04.5566170Z     export GCC_WARN_UNINITIALIZED_AUTOS\=YES_AGGRESSIVE
2026-10-02T10:48:04.5567520Z     export GCC_WARN_UNUSED_FUNCTION\=YES
2026-10-02T10:48:04.5568260Z     export GCC_WARN_UNUSED_VARIABLE\=YES
2026-10-02T10:48:04.5569680Z     export GENERATED_MODULEMAP_DIR\=/Users/runner/work/Sugar-Maple/Sugar-Maple/build/DerivedData/Build/Intermediates.noindex/GeneratedModuleMaps
2026-10-02T10:48:04.5571110Z     export GENERATE_INFOPLIST_FILE\=YES
2026-10-02T10:48:04.5571800Z     export GENERATE_INTERMEDIATE_TEXT_BASED_STUBS\=YES
2026-10-02T10:48:04.5572490Z     export GENERATE_MASTER_OBJECT_FILE\=NO
2026-10-02T10:48:04.5573190Z     export GENERATE_PKGINFO_FILE\=YES
2026-10-02T10:48:04.5573800Z     export GENERATE_PROFILING_CODE\=NO
2026-10-02T10:48:04.5574460Z     export GENERATE_TEXT_BASED_STUBS\=NO
2026-10-02T10:48:04.5575040Z     export GID\=20
2026-10-02T10:48:04.5575500Z     export GROUP\=staff
2026-10-02T10:48:04.5576200Z     export HEADERMAP_INCLUDES_FLAT_ENTRIES_FOR_TARGET_BEING_BUILT\=YES
2026-10-02T10:48:04.5577240Z     export HEADERMAP_INCLUDES_FRAMEWORK_ENTRIES_FOR_ALL_PRODUCT_TYPES\=YES
2026-10-02T10:48:04.5578640Z     export HEADERMAP_INCLUDES_FRAMEWORK_ENTRIES_FOR_TARGETS_NOT_BEING_BUILT\=YES
2026-10-02T10:48:04.5579730Z     export HEADERMAP_INCLUDES_NONPUBLIC_NONPRIVATE_HEADERS\=YES
2026-10-02T10:48:04.5580590Z     export HEADERMAP_INCLUDES_PROJECT_HEADERS\=YES
2026-10-02T10:48:04.5581370Z     export HEADERMAP_USES_FRAMEWORK_PREFIX_ENTRIES\=YES
2026-10-02T10:48:04.5582050Z     export HEADERMAP_USES_VFS\=NO
2026-10-02T10:48:04.5583220Z     export HEADER_SEARCH_PATHS\=/Users/runner/work/Sugar-Maple/Sugar-Maple/build/DerivedData/Build/Products/Debug/include\ 
2026-10-02T10:48:04.5584510Z     export HIDE_BITCODE_SYMBOLS\=YES
2026-10-02T10:48:04.5585090Z     export HOME\=/Users/runner
2026-10-02T10:48:04.5585670Z     export HOST_ARCH\=arm64
2026-10-02T10:48:04.5586210Z     export HOST_PLATFORM\=macosx
2026-10-02T10:48:04.5586810Z     export ICONV\=/usr/bin/iconv
2026-10-02T10:48:04.5587460Z     export IMPLICIT_DEPENDENCY_DOMAIN\=default
2026-10-02T10:48:04.5591810Z     export INFOPLIST_ENABLE_CFBUNDLEICONS_MERGE\=YES
2026-10-02T10:48:04.5593260Z     export INFOPLIST_EXPAND_BUILD_SETTINGS\=YES
2026-10-02T10:48:04.5593960Z     export INFOPLIST_FILE\=DocumentTypes.plist
2026-10-02T10:48:04.5596270Z     export INFOPLIST_KEY_UISupportedInterfaceOrientations_iPad\=UIInterfaceOrientationPortrait\ UIInterfaceOrientationPortraitUpsideDown\ UIInterfaceOrientationLandscapeLeft\ UIInterfaceOrientationLandscapeRight
2026-10-02T10:48:04.5599620Z     export INFOPLIST_KEY_UISupportedInterfaceOrientations_iPhone\=UIInterfaceOrientationPortrait\ UIInterfaceOrientationLandscapeLeft\ UIInterfaceOrientationLandscapeRight
2026-10-02T10:48:04.5601570Z     export INFOPLIST_OUTPUT_FORMAT\=same-as-input
2026-10-02T10:48:04.5602390Z     export INFOPLIST_PATH\=Sugar\ Maple.app/Contents/Info.plist
2026-10-02T10:48:04.5603240Z     export INFOPLIST_PREPROCESS\=NO
2026-10-02T10:48:04.5604180Z     export INFOSTRINGS_PATH\=Sugar\ Maple.app/Contents/Resources/en.lproj/InfoPlist.strings
2026-10-02T10:48:04.5605200Z     export INLINE_PRIVATE_FRAMEWORKS\=NO
2026-10-02T10:48:04.5605840Z     export INSTALLAPI_IGNORE_SKIP_INSTALL\=YES
2026-10-02T10:48:04.5606500Z     export INSTALLHDRS_COPY_PHASE\=NO
2026-10-02T10:48:04.5607110Z     export INSTALLHDRS_SCRIPT_PHASE\=NO
2026-10-02T10:48:04.5607940Z     export INSTALL_DIR\=/tmp/Sugar\ Maple.dst/Applications
2026-10-02T10:48:04.5608680Z     export INSTALL_GROUP\=staff
2026-10-02T10:48:04.5609300Z     export INSTALL_MODE_FLAG\=u+w,go-w,a+rX
2026-10-02T10:48:04.5609910Z     export INSTALL_OWNER\=runner
2026-10-02T10:48:04.5610470Z     export INSTALL_PATH\=/Applications
2026-10-02T10:48:04.5611240Z     export INSTALL_ROOT\=/tmp/Sugar\ Maple.dst
2026-10-02T10:48:04.5612050Z     export IOS_UNZIPPERED_TWIN_PREFIX_PATH\=/System/iOSSupport
2026-10-02T10:48:04.5612810Z     export IS_MACCATALYST\=NO
2026-10-02T10:48:04.5613360Z     export IS_UNOPTIMIZED_BUILD\=YES
2026-10-02T10:48:04.5614270Z     export JAVAC_DEFAULT_FLAGS\=-J-Xms64m\ -J-XX:NewSize\=4M\ -J-Dfile.encoding\=UTF8
2026-10-02T10:48:04.5616380Z     export JAVA_APP_STUB\=/System/Library/Frameworks/JavaVM.framework/Resources/MacOS/JavaApplicationStub
2026-10-02T10:48:04.5619090Z     export JAVA_ARCHIVE_CLASSES\=YES
2026-10-02T10:48:04.5619360Z     export JAVA_ARCHIVE_TYPE\=JAR
2026-10-02T10:48:04.5619610Z     export JAVA_COMPILER\=/usr/bin/javac
2026-10-02T10:48:04.5619920Z     export JAVA_FOLDER_PATH\=Sugar\ Maple.app/Contents/Resources/Java
2026-10-02T10:48:04.5620250Z     export JAVA_FRAMEWORK_RESOURCES_DIRS\=Resources
2026-10-02T10:48:04.5620490Z     export JAVA_JAR_FLAGS\=cv
2026-10-02T10:48:04.5620690Z     export JAVA_SOURCE_SUBDIR\=.
2026-10-02T10:48:04.5620900Z     export JAVA_USE_DEPENDENCIES\=YES
2026-10-02T10:48:04.5621110Z     export JAVA_ZIP_FLAGS\=-urg
2026-10-02T10:48:04.5621320Z     export JIKES_DEFAULT_FLAGS\=+E\ +OLDCSO
2026-10-02T10:48:04.5621890Z     export KASAN_CFLAGS_CLASSIC\=-DKASAN\=1\ -DKASAN_CLASSIC\=1\ -fsanitize\=address\ -mllvm\ -asan-globals-live-support\ -mllvm\ -asan-force-dynamic-shadow
2026-10-02T10:48:04.5625960Z     export KASAN_CFLAGS_TBI\=-DKASAN\=1\ -DKASAN_TBI\=1\ -fsanitize\=kernel-hwaddress\ -mllvm\ -hwasan-recover\=0\ -mllvm\ -hwasan-instrument-atomics\=0\ -mllvm\ -hwasan-instrument-stack\=1\ -mllvm\ -hwasan-generate-tags-with-calls\=1\ -mllvm\ -hwasan-instrument-with-calls\=1\ -mllvm\ -hwasan-use-short-granules\=0\ -mllvm\ -hwasan-memory-access-callback-prefix\=__asan_
2026-10-02T10:48:04.5630230Z     export KASAN_DEFAULT_CFLAGS\=-DKASAN\=1\ -DKASAN_CLASSIC\=1\ -fsanitize\=address\ -mllvm\ -asan-globals-live-support\ -mllvm\ -asan-force-dynamic-shadow
2026-10-02T10:48:04.5631740Z     export KEEP_PRIVATE_EXTERNS\=NO
2026-10-02T10:48:04.5633660Z     export LD_DEPENDENCY_INFO_FILE\=/Users/runner/work/Sugar-Maple/Sugar-Maple/build/DerivedData/Build/Intermediates.noindex/Sugar\ Maple.build/Debug/Sugar\ Maple.build/Objects-normal/undefined_arch/Sugar\ Maple_dependency_info.dat
2026-10-02T10:48:04.5634690Z     export LD_EXPORT_SYMBOLS\=YES
2026-10-02T10:48:04.5635050Z     export LD_GENERATE_MAP_FILE\=NO
2026-10-02T10:48:04.5636280Z     export LD_MAP_FILE_PATH\=/Users/runner/work/Sugar-Maple/Sugar-Maple/build/DerivedData/Build/Intermediates.noindex/Sugar\ Maple.build/Debug/Sugar\ Maple.build/Sugar\ Maple-LinkMap-normal-undefined_arch.txt
2026-10-02T10:48:04.5637030Z     export LD_NO_PIE\=NO
2026-10-02T10:48:04.5637430Z     export LD_QUOTE_LINKER_ARGUMENTS_FOR_COMPILER_DRIVER\=YES
2026-10-02T10:48:04.5637930Z     export LD_RUNPATH_SEARCH_PATHS\=@executable_path/../Frameworks
2026-10-02T10:48:04.5638360Z     export LD_RUNPATH_SEARCH_PATHS_YES\=@loader_path/../Frameworks
2026-10-02T10:48:04.5638800Z     export LD_SHARED_CACHE_ELIGIBLE\=Automatic
2026-10-02T10:48:04.5651310Z     export LD_WARN_DUPLICATE_LIBRARIES\=NO
2026-10-02T10:48:04.5651980Z     export LD_WARN_UNUSED_DYLIBS\=NO
2026-10-02T10:48:04.5653460Z     export LEGACY_DEVELOPER_DIR\=/Applications/Xcode_16.4.app/Contents/PlugIns/Xcode3Core.ideplugin/Contents/SharedSupport/Developer
2026-10-02T10:48:04.5654930Z     export LEX\=lex
2026-10-02T10:48:04.5655770Z     export LIBRARY_DEXT_INSTALL_PATH\=/Library/DriverExtensions
2026-10-02T10:48:04.5656550Z     export LIBRARY_FLAG_NOSPACE\=YES
2026-10-02T10:48:04.5657140Z     export LIBRARY_FLAG_PREFIX\=-l
2026-10-02T10:48:04.5658150Z     export LIBRARY_KEXT_INSTALL_PATH\=/Library/Extensions
2026-10-02T10:48:04.5659480Z     export LIBRARY_SEARCH_PATHS\=/Users/runner/work/Sugar-Maple/Sugar-Maple/build/DerivedData/Build/Products/Debug\ 
2026-10-02T10:48:04.5660700Z     export LINKER_DISPLAYS_MANGLED_NAMES\=NO
2026-10-02T10:48:04.5663020Z     export LINK_FILE_LIST_normal_arm64\=/Users/runner/work/Sugar-Maple/Sugar-Maple/build/DerivedData/Build/Intermediates.noindex/Sugar\ Maple.build/Debug/Sugar\ Maple.build/Objects-normal/arm64/Sugar\ Maple.LinkFileList
2026-10-02T10:48:04.5665020Z     export LINK_OBJC_RUNTIME\=YES
2026-10-02T10:48:04.5665600Z     export LINK_WITH_STANDARD_LIBRARIES\=YES
2026-10-02T10:48:04.5666300Z     export LLVM_TARGET_TRIPLE_OS_VERSION\=macos15.4
2026-10-02T10:48:04.5667030Z     export LLVM_TARGET_TRIPLE_OS_VERSION_NO\=macos15.4
2026-10-02T10:48:04.5668470Z     export LLVM_TARGET_TRIPLE_OS_VERSION_YES\=macos15.5
2026-10-02T10:48:04.5669250Z     export LLVM_TARGET_TRIPLE_VENDOR\=apple
2026-10-02T10:48:04.5671520Z     export LM_AUX_CONST_METADATA_LIST_PATH_normal_arm64\=/Users/runner/work/Sugar-Maple/Sugar-Maple/build/DerivedData/Build/Intermediates.noindex/Sugar\ Maple.build/Debug/Sugar\ Maple.build/Objects-normal/arm64/Sugar\ Maple.SwiftConstValuesFileList
2026-10-02T10:48:04.5674210Z     export LOCALIZATION_EXPORT_SUPPORTED\=YES
2026-10-02T10:48:04.5674920Z     export LOCALIZATION_PREFERS_STRING_CATALOGS\=YES
2026-10-02T10:48:04.5675910Z     export LOCALIZED_RESOURCES_FOLDER_PATH\=Sugar\ Maple.app/Contents/Resources/en.lproj
2026-10-02T10:48:04.5677390Z     export LOCALIZED_STRING_MACRO_NAMES\=NSLocalizedString\ CFCopyLocalizedString
2026-10-02T10:48:04.5678340Z     export LOCALIZED_STRING_SWIFTUI_SUPPORT\=YES
2026-10-02T10:48:04.5679090Z     export LOCAL_ADMIN_APPS_DIR\=/Applications/Utilities
2026-10-02T10:48:04.5679840Z     export LOCAL_APPS_DIR\=/Applications
2026-10-02T10:48:04.5680750Z     export LOCAL_DEVELOPER_DIR\=/Library/Developer
2026-10-02T10:48:04.5681580Z     export LOCAL_LIBRARY_DIR\=/Library
2026-10-02T10:48:04.5682360Z     export LOCROOT\=/Users/runner/work/Sugar-Maple/Sugar-Maple/src/apple
2026-10-02T10:48:04.5683410Z     export LOCSYMROOT\=/Users/runner/work/Sugar-Maple/Sugar-Maple/src/apple
2026-10-02T10:48:04.5684250Z     export MACH_O_TYPE\=mh_execute
2026-10-02T10:48:04.5685120Z     export MACOSX_DEPLOYMENT_TARGET\=15.4
2026-10-02T10:48:04.5685790Z     export MAC_OS_X_PRODUCT_BUILD_VERSION\=24G830
2026-10-02T10:48:04.5686450Z     export MAC_OS_X_VERSION_ACTUAL\=150709
2026-10-02T10:48:04.5687080Z     export MAC_OS_X_VERSION_MAJOR\=150000
2026-10-02T10:48:04.5687690Z     export MAC_OS_X_VERSION_MINOR\=150700
2026-10-02T10:48:04.5688290Z     export MAKE_MERGEABLE\=NO
2026-10-02T10:48:04.5688810Z     export MARKETING_VERSION\=1.0
2026-10-02T10:48:04.5689380Z     export MERGEABLE_LIBRARY\=NO
2026-10-02T10:48:04.5690670Z     export MERGED_BINARY_TYPE\=none
2026-10-02T10:48:04.5691250Z     export MERGE_LINKED_LIBRARIES\=NO
2026-10-02T10:48:04.5691840Z     export METAL_LIBRARY_FILE_BASE\=default
2026-10-02T10:48:04.5693680Z     export METAL_LIBRARY_OUTPUT_DIR\=/Users/runner/work/Sugar-Maple/Sugar-Maple/build/DerivedData/Build/Products/Debug/Sugar\ Maple.app/Contents/Resources
2026-10-02T10:48:04.5695360Z     export MODULES_FOLDER_PATH\=Sugar\ Maple.app/Contents/Modules
2026-10-02T10:48:04.5696610Z     export MODULE_CACHE_DIR\=/Users/runner/work/Sugar-Maple/Sugar-Maple/build/DerivedData/ModuleCache.noindex
2026-10-02T10:48:04.5697770Z     export MTL_ENABLE_DEBUG_INFO\=INCLUDE_SOURCE
2026-10-02T10:48:04.5698410Z     export MTL_FAST_MATH\=YES
2026-10-02T10:48:04.5698930Z     export NATIVE_ARCH\=arm64
2026-10-02T10:48:04.5699460Z     export NATIVE_ARCH_32_BIT\=arm
2026-10-02T10:48:04.5700000Z     export NATIVE_ARCH_64_BIT\=arm64
2026-10-02T10:48:04.5700580Z     export NATIVE_ARCH_ACTUAL\=arm64
2026-10-02T10:48:04.5701170Z     export NO_COMMON\=YES
2026-10-02T10:48:04.5702980Z     export OBJECT_FILE_DIR\=/Users/runner/work/Sugar-Maple/Sugar-Maple/build/DerivedData/Build/Intermediates.noindex/Sugar\ Maple.build/Debug/Sugar\ Maple.build/Objects
2026-10-02T10:48:04.5705680Z     export OBJECT_FILE_DIR_normal\=/Users/runner/work/Sugar-Maple/Sugar-Maple/build/DerivedData/Build/Intermediates.noindex/Sugar\ Maple.build/Debug/Sugar\ Maple.build/Objects-normal
2026-10-02T10:48:04.5707860Z     export OBJROOT\=/Users/runner/work/Sugar-Maple/Sugar-Maple/build/DerivedData/Build/Intermediates.noindex
2026-10-02T10:48:04.5708970Z     export ONLY_ACTIVE_ARCH\=YES
2026-10-02T10:48:04.5709490Z     export OS\=MACOS
2026-10-02T10:48:04.5709970Z     export OSAC\=/usr/bin/osacompile
2026-10-02T10:48:04.5710850Z     export PACKAGE_TYPE\=com.apple.package-type.wrapper.application
2026-10-02T10:48:04.5711790Z     export PASCAL_STRINGS\=YES
2026-10-02T10:48:04.5727380Z     export PATH\=/Applications/Xcode_16.4.app/Contents/SharedFrameworks/SwiftBuild.framework/Versions/A/PlugIns/SWBBuildService.bundle/Contents/PlugIns/SWBUniversalPlatformPlugin.bundle/Contents/Frameworks/SWBUniversalPlatform.framework/Resources:/Applications/Xcode_16.4.app/Contents/Developer/Toolchains/XcodeDefault.xctoolchain/usr/bin:/Applications/Xcode_16.4.app/Contents/Developer/Toolchains/XcodeDefault.xctoolchain/usr/local/bin:/Applications/Xcode_16.4.app/Contents/Developer/Toolchains/XcodeDefault.xctoolchain/usr/libexec:/Applications/Xcode_16.4.app/Contents/Developer/Platforms/MacOSX.platform/usr/bin:/Applications/Xcode_16.4.app/Contents/Developer/Platforms/MacOSX.platform/usr/local/bin:/Applications/Xcode_16.4.app/Contents/Developer/Platforms/MacOSX.platform/Developer/usr/bin:/Applications/Xcode_16.4.app/Contents/Developer/Platforms/MacOSX.platform/Developer/usr/local/bin:/Applications/Xcode_16.4.app/Contents/Developer/usr/bin:/Applications/Xcode_16.4.app/Contents/Developer/usr/local/bin:/Users/runner/work/Sugar-Maple/Sugar-Maple/node_modules/.bin:/Users/runner/work/Sugar-Maple/node_modules/.bin:/Users/runner/work/node_modules/.bin:/Users/runner/node_modules/.bin:/Users/node_modules/.bin:/node_modules/.bin:/Users/runner/.bun/bin:/opt/homebrew/lib/ruby/gems/3.3.0/bin:/opt/homebrew/opt/ruby@3.3/bin:/Users/runner/.local/bin:/opt/homebrew/bin:/opt/homebrew/sbin:/Users/runner/.cargo/bin:/usr/local/opt/curl/bin:/usr/local/bin:/usr/local/sbin:/Users/runner/bin:/Users/runner/.yarn/bin:/Users/runner/Library/Android/sdk/tools:/Users/runner/Library/Android/sdk/platform-tools:/Library/Frameworks/Python.framework/Versions/Current/bin:/Library/Frameworks/Mono.framework/Versions/Current/Commands:/usr/bin:/bin:/usr/sbin:/sbin:/Users/runner/.dotnet/tools
2026-10-02T10:48:04.5733740Z     export PATH_PREFIXES_EXCLUDED_FROM_HEADER_DEPENDENCIES\=/usr/include\ /usr/local/include\ /System/Library/Frameworks\ /System/Library/PrivateFrameworks\ /Applications/Xcode_16.4.app/Contents/Developer/Headers\ /Applications/Xcode_16.4.app/Contents/Developer/SDKs\ /Applications/Xcode_16.4.app/Contents/Developer/Platforms
2026-10-02T10:48:04.5735060Z     export PBDEVELOPMENTPLIST_PATH\=Sugar\ Maple.app/Contents/pbdevelopment.plist
2026-10-02T10:48:04.5735880Z     export PER_ARCH_MODULE_FILE_DIR\=/Users/runner/work/Sugar-Maple/Sugar-Maple/build/DerivedData/Build/Intermediates.noindex/Sugar\ Maple.build/Debug/Sugar\ Maple.build/Objects-normal/undefined_arch
2026-10-02T10:48:04.5737040Z     export PER_ARCH_OBJECT_FILE_DIR\=/Users/runner/work/Sugar-Maple/Sugar-Maple/build/DerivedData/Build/Intermediates.noindex/Sugar\ Maple.build/Debug/Sugar\ Maple.build/Objects-normal/undefined_arch
2026-10-02T10:48:04.5738150Z     export PER_VARIANT_OBJECT_FILE_DIR\=/Users/runner/work/Sugar-Maple/Sugar-Maple/build/DerivedData/Build/Intermediates.noindex/Sugar\ Maple.build/Debug/Sugar\ Maple.build/Objects-normal
2026-10-02T10:48:04.5739170Z     export PKGINFO_FILE_PATH\=/Users/runner/work/Sugar-Maple/Sugar-Maple/build/DerivedData/Build/Intermediates.noindex/Sugar\ Maple.build/Debug/Sugar\ Maple.build/PkgInfo
2026-10-02T10:48:04.5739830Z     export PKGINFO_PATH\=Sugar\ Maple.app/Contents/PkgInfo
2026-10-02T10:48:04.5740300Z     export PLATFORM_DEVELOPER_APPLICATIONS_DIR\=/Applications/Xcode_16.4.app/Contents/Developer/Applications
2026-10-02T10:48:04.5740850Z     export PLATFORM_DEVELOPER_BIN_DIR\=/Applications/Xcode_16.4.app/Contents/Developer/usr/bin
2026-10-02T10:48:04.5741380Z     export PLATFORM_DEVELOPER_LIBRARY_DIR\=/Applications/Xcode_16.4.app/Contents/Developer/Library
2026-10-02T10:48:04.5742010Z     export PLATFORM_DEVELOPER_SDK_DIR\=/Applications/Xcode_16.4.app/Contents/Developer/Platforms/MacOSX.platform/Developer/SDKs
2026-10-02T10:48:04.5742620Z     export PLATFORM_DEVELOPER_TOOLS_DIR\=/Applications/Xcode_16.4.app/Contents/Developer/Tools
2026-10-02T10:48:04.5743120Z     export PLATFORM_DEVELOPER_USR_DIR\=/Applications/Xcode_16.4.app/Contents/Developer/usr
2026-10-02T10:48:04.5743700Z     export PLATFORM_DIR\=/Applications/Xcode_16.4.app/Contents/Developer/Platforms/MacOSX.platform
2026-10-02T10:48:04.5744230Z     export PLATFORM_DISPLAY_NAME\=macOS
2026-10-02T10:48:04.5744510Z     export PLATFORM_FAMILY_NAME\=macOS
2026-10-02T10:48:04.5744730Z     export PLATFORM_NAME\=macosx
2026-10-02T10:48:04.5744960Z     export PLATFORM_PREFERRED_ARCH\=x86_64
2026-10-02T10:48:04.5745210Z     export PLATFORM_PRODUCT_BUILD_VERSION\=24F74
2026-10-02T10:48:04.5745490Z     export PLATFORM_REQUIRES_SWIFT_AUTOLINK_EXTRACT\=NO
2026-10-02T10:48:04.5745780Z     export PLATFORM_REQUIRES_SWIFT_MODULEWRAP\=NO
2026-10-02T10:48:04.5746040Z     export PLIST_FILE_OUTPUT_FORMAT\=same-as-input
2026-10-02T10:48:04.5746360Z     export PLUGINS_FOLDER_PATH\=Sugar\ Maple.app/Contents/PlugIns
2026-10-02T10:48:04.5746710Z     export PRECOMPS_INCLUDE_HEADERS_FROM_BUILT_PRODUCTS_DIR\=YES
2026-10-02T10:48:04.5747410Z     export PRECOMP_DESTINATION_DIR\=/Users/runner/work/Sugar-Maple/Sugar-Maple/build/DerivedData/Build/Intermediates.noindex/Sugar\ Maple.build/Debug/Sugar\ Maple.build/PrefixHeaders
2026-10-02T10:48:04.5748150Z     export PRIVATE_HEADERS_FOLDER_PATH\=Sugar\ Maple.app/Contents/PrivateHeaders
2026-10-02T10:48:04.5751350Z     export PROCESSED_INFOPLIST_PATH\=/Users/runner/work/Sugar-Maple/Sugar-Maple/build/DerivedData/Build/Intermediates.noindex/Sugar\ Maple.build/Debug/Sugar\ Maple.build/Objects-normal/undefined_arch/Processed-Info.plist
2026-10-02T10:48:04.5753580Z     export PRODUCT_BUNDLE_IDENTIFIER\=io.zubair.SugarMaple
2026-10-02T10:48:04.5754330Z     export PRODUCT_BUNDLE_PACKAGE_TYPE\=APPL
2026-10-02T10:48:04.5755000Z     export PRODUCT_MODULE_NAME\=Sugar_Maple
2026-10-02T10:48:04.5755630Z     export PRODUCT_NAME\=Sugar\ Maple
2026-10-02T10:48:04.5756680Z     export PRODUCT_SETTINGS_PATH\=/Users/runner/work/Sugar-Maple/Sugar-Maple/src/apple/DocumentTypes.plist
2026-10-02T10:48:04.5757920Z     export PRODUCT_TYPE\=com.apple.product-type.application
2026-10-02T10:48:04.5758650Z     export PROFILING_CODE\=NO
2026-10-02T10:48:04.5759190Z     export PROJECT\=Sugar\ Maple
2026-10-02T10:48:04.5760680Z     export PROJECT_DERIVED_FILE_DIR\=/Users/runner/work/Sugar-Maple/Sugar-Maple/build/DerivedData/Build/Intermediates.noindex/Sugar\ Maple.build/DerivedSources
2026-10-02T10:48:04.5763210Z     export PROJECT_DIR\=/Users/runner/work/Sugar-Maple/Sugar-Maple/src/apple
2026-10-02T10:48:04.5764590Z     export PROJECT_FILE_PATH\=/Users/runner/work/Sugar-Maple/Sugar-Maple/src/apple/Sugar\ Maple.xcodeproj
2026-10-02T10:48:04.5765840Z     export PROJECT_GUID\=b1fd31637b825f830deb84544883a5b8
2026-10-02T10:48:04.5766740Z     export PROJECT_NAME\=Sugar\ Maple
2026-10-02T10:48:04.5768040Z     export PROJECT_TEMP_DIR\=/Users/runner/work/Sugar-Maple/Sugar-Maple/build/DerivedData/Build/Intermediates.noindex/Sugar\ Maple.build
2026-10-02T10:48:04.5769960Z     export PROJECT_TEMP_ROOT\=/Users/runner/work/Sugar-Maple/Sugar-Maple/build/DerivedData/Build/Intermediates.noindex
2026-10-02T10:48:04.5771170Z     export PROJECT_UNIQUE_VALUE\=VYZ5O6XA
2026-10-02T10:48:04.5771800Z     export PROVISIONING_PROFILE_REQUIRED\=NO
2026-10-02T10:48:04.5772520Z     export PROVISIONING_PROFILE_REQUIRED_YES_YES\=YES
2026-10-02T10:48:04.5773290Z     export PROVISIONING_PROFILE_SUPPORTED\=YES
2026-10-02T10:48:04.5774870Z     export PUBLIC_HEADERS_FOLDER_PATH\=Sugar\ Maple.app/Contents/Headers
2026-10-02T10:48:04.5775840Z     export RECOMMENDED_MACOSX_DEPLOYMENT_TARGET\=11.0
2026-10-02T10:48:04.5776600Z     export RECURSIVE_SEARCH_PATHS_FOLLOW_SYMLINKS\=YES
2026-10-02T10:48:04.5777400Z     export REGISTER_APP_GROUPS\=YES
2026-10-02T10:48:04.5778050Z     export REMOVE_CVS_FROM_RESOURCES\=YES
2026-10-02T10:48:04.5778710Z     export REMOVE_GIT_FROM_RESOURCES\=YES
2026-10-02T10:48:04.5779400Z     export REMOVE_HEADERS_FROM_EMBEDDED_BUNDLES\=YES
2026-10-02T10:48:04.5780120Z     export REMOVE_HG_FROM_RESOURCES\=YES
2026-10-02T10:48:04.5780890Z     export REMOVE_STATIC_EXECUTABLES_FROM_EMBEDDED_BUNDLES\=YES
2026-10-02T10:48:04.5781660Z     export REMOVE_SVN_FROM_RESOURCES\=YES
2026-10-02T10:48:04.5782340Z     export RESCHEDULE_INDEPENDENT_HEADERS_PHASES\=YES
2026-10-02T10:48:04.5784900Z     export REZ_COLLECTOR_DIR\=/Users/runner/work/Sugar-Maple/Sugar-Maple/build/DerivedData/Build/Intermediates.noindex/Sugar\ Maple.build/Debug/Sugar\ Maple.build/ResourceManagerResources
2026-10-02T10:48:04.5788180Z     export REZ_OBJECTS_DIR\=/Users/runner/work/Sugar-Maple/Sugar-Maple/build/DerivedData/Build/Intermediates.noindex/Sugar\ Maple.build/Debug/Sugar\ Maple.build/ResourceManagerResources/Objects
2026-10-02T10:48:04.5790500Z     export REZ_SEARCH_PATHS\=/Users/runner/work/Sugar-Maple/Sugar-Maple/build/DerivedData/Build/Products/Debug\ 
2026-10-02T10:48:04.5791720Z     export SCAN_ALL_SOURCE_FILES_FOR_INCLUDES\=NO
2026-10-02T10:48:04.5792710Z     export SCRIPTS_FOLDER_PATH\=Sugar\ Maple.app/Contents/Resources/Scripts
2026-10-02T10:48:04.5793680Z     export SCRIPT_INPUT_FILE_COUNT\=0
2026-10-02T10:48:04.5794330Z     export SCRIPT_INPUT_FILE_LIST_COUNT\=0
2026-10-02T10:48:04.5794970Z     export SCRIPT_OUTPUT_FILE_COUNT\=0
2026-10-02T10:48:04.5795630Z     export SCRIPT_OUTPUT_FILE_LIST_COUNT\=0
2026-10-02T10:48:04.5797140Z     export SDKROOT\=/Applications/Xcode_16.4.app/Contents/Developer/Platforms/MacOSX.platform/Developer/SDKs/MacOSX15.5.sdk
2026-10-02T10:48:04.5799130Z     export SDK_DIR\=/Applications/Xcode_16.4.app/Contents/Developer/Platforms/MacOSX.platform/Developer/SDKs/MacOSX15.5.sdk
2026-10-02T10:48:04.5801060Z     export SDK_DIR_macosx\=/Applications/Xcode_16.4.app/Contents/Developer/Platforms/MacOSX.platform/Developer/SDKs/MacOSX15.5.sdk
2026-10-02T10:48:04.5803220Z     export SDK_DIR_macosx15_5\=/Applications/Xcode_16.4.app/Contents/Developer/Platforms/MacOSX.platform/Developer/SDKs/MacOSX15.5.sdk
2026-10-02T10:48:04.5804700Z     export SDK_NAME\=macosx15.5
2026-10-02T10:48:04.5805270Z     export SDK_NAMES\=macosx15.5
2026-10-02T10:48:04.5805890Z     export SDK_PRODUCT_BUILD_VERSION\=24F74
2026-10-02T10:48:04.5806880Z     export SDK_STAT_CACHE_DIR\=/Users/runner/work/Sugar-Maple/Sugar-Maple/build/DerivedData
2026-10-02T10:48:04.5807840Z     export SDK_STAT_CACHE_ENABLE\=YES
2026-10-02T10:48:04.5810280Z     export SDK_STAT_CACHE_PATH\=/Users/runner/work/Sugar-Maple/Sugar-Maple/build/DerivedData/SDKStatCaches.noindex/macosx15.5-24F74-a403186ba963133a54a0e0cacd566b0b.sdkstatcache
2026-10-02T10:48:04.5811980Z     export SDK_VERSION\=15.5
2026-10-02T10:48:04.5812550Z     export SDK_VERSION_ACTUAL\=150500
2026-10-02T10:48:04.5813150Z     export SDK_VERSION_MAJOR\=150000
2026-10-02T10:48:04.5813740Z     export SDK_VERSION_MINOR\=150500
2026-10-02T10:48:04.5814300Z     export SED\=/usr/bin/sed
2026-10-02T10:48:04.5815060Z     export SEPARATE_STRIP\=NO
2026-10-02T10:48:04.5815600Z     export SEPARATE_SYMBOL_EDIT\=NO
2026-10-02T10:48:04.5816190Z     export SET_DIR_MODE_OWNER_GROUP\=YES
2026-10-02T10:48:04.5816950Z     export SET_FILE_MODE_OWNER_GROUP\=NO
2026-10-02T10:48:04.5817550Z     export SHALLOW_BUNDLE\=NO
2026-10-02T10:48:04.5818120Z     export SHALLOW_BUNDLE_PLATFORM\=NO
2026-10-02T10:48:04.5818740Z     export SHALLOW_BUNDLE_TRIPLE\=macos
2026-10-02T10:48:04.5819330Z     export SHALLOW_BUNDLE_ios_macabi\=NO
2026-10-02T10:48:04.5819950Z     export SHALLOW_BUNDLE_macos\=NO
2026-10-02T10:48:04.5821310Z     export SHARED_DERIVED_FILE_DIR\=/Users/runner/work/Sugar-Maple/Sugar-Maple/build/DerivedData/Build/Products/Debug/DerivedSources
2026-10-02T10:48:04.5823130Z     export SHARED_FRAMEWORKS_FOLDER_PATH\=Sugar\ Maple.app/Contents/SharedFrameworks
2026-10-02T10:48:04.5824920Z     export SHARED_PRECOMPS_DIR\=/Users/runner/work/Sugar-Maple/Sugar-Maple/build/DerivedData/Build/Intermediates.noindex/PrecompiledHeaders
2026-10-02T10:48:04.5826600Z     export SHARED_SUPPORT_FOLDER_PATH\=Sugar\ Maple.app/Contents/SharedSupport
2026-10-02T10:48:04.5828320Z     export SKIP_INSTALL\=NO
2026-10-02T10:48:04.5828660Z     export SOURCE_ROOT\=/Users/runner/work/Sugar-Maple/Sugar-Maple/src/apple
2026-10-02T10:48:04.5829100Z     export SRCROOT\=/Users/runner/work/Sugar-Maple/Sugar-Maple/src/apple
2026-10-02T10:48:04.5830230Z     export STRINGSDATA_DIR\=/Users/runner/work/Sugar-Maple/Sugar-Maple/build/DerivedData/Build/Intermediates.noindex/Sugar\ Maple.build/Debug/Sugar\ Maple.build/Objects-normal/undefined_arch
2026-10-02T10:48:04.5831300Z     export STRINGSDATA_ROOT\=/Users/runner/work/Sugar-Maple/Sugar-Maple/build/DerivedData/Build/Intermediates.noindex/Sugar\ Maple.build/Debug/Sugar\ Maple.build
2026-10-02T10:48:04.5831900Z     export STRINGS_FILE_INFOPLIST_RENAME\=YES
2026-10-02T10:48:04.5832200Z     export STRINGS_FILE_OUTPUT_ENCODING\=UTF-16
2026-10-02T10:48:04.5832470Z     export STRING_CATALOG_GENERATE_SYMBOLS\=YES
2026-10-02T10:48:04.5832740Z     export STRIP_BITCODE_FROM_COPIED_FILES\=NO
2026-10-02T10:48:04.5832980Z     export STRIP_INSTALLED_PRODUCT\=NO
2026-10-02T10:48:04.5833200Z     export STRIP_PNG_TEXT\=NO
2026-10-02T10:48:04.5833410Z     export STRIP_STYLE\=all
2026-10-02T10:48:04.5833610Z     export STRIP_SWIFT_SYMBOLS\=YES
2026-10-02T10:48:04.5834600Z     export SUPPORTED_PLATFORMS\=macosx
2026-10-02T10:48:04.5835120Z     export SUPPORTS_MACCATALYST\=NO
2026-10-02T10:48:04.5835360Z     export SUPPORTS_ON_DEMAND_RESOURCES\=NO
2026-10-02T10:48:04.5835660Z     export SUPPORTS_TEXT_BASED_API\=NO
2026-10-02T10:48:04.5835880Z     export SUPPRESS_WARNINGS\=NO
2026-10-02T10:48:04.5836130Z     export SWIFT_ACTIVE_COMPILATION_CONDITIONS\=DEBUG\ 
2026-10-02T10:48:04.5836410Z     export SWIFT_APPROACHABLE_CONCURRENCY\=YES
2026-10-02T10:48:04.5836720Z     export SWIFT_DEFAULT_ACTOR_ISOLATION\=nonisolated
2026-10-02T10:48:04.5836980Z     export SWIFT_EMIT_LOC_STRINGS\=YES
2026-10-02T10:48:04.5837660Z     export SWIFT_OPTIMIZATION_LEVEL\=-Onone
2026-10-02T10:48:04.5837980Z     export SWIFT_PLATFORM_TARGET_PREFIX\=macos
2026-10-02T10:48:04.5838770Z     export SWIFT_RESPONSE_FILE_PATH_normal_arm64\=/Users/runner/work/Sugar-Maple/Sugar-Maple/build/DerivedData/Build/Intermediates.noindex/Sugar\ Maple.build/Debug/Sugar\ Maple.build/Objects-normal/arm64/Sugar\ Maple.SwiftFileList
2026-10-02T10:48:04.5839680Z     export SWIFT_UPCOMING_FEATURE_MEMBER_IMPORT_VISIBILITY\=YES
2026-10-02T10:48:04.5839960Z     export SWIFT_VERSION\=5.0
2026-10-02T10:48:04.5840780Z     export SYMROOT\=/Users/runner/work/Sugar-Maple/Sugar-Maple/build/DerivedData/Build/Products
2026-10-02T10:48:04.5841220Z     export SYSTEM_ADMIN_APPS_DIR\=/Applications/Utilities
2026-10-02T10:48:04.5841490Z     export SYSTEM_APPS_DIR\=/Applications
2026-10-02T10:48:04.5841780Z     export SYSTEM_CORE_SERVICES_DIR\=/System/Library/CoreServices
2026-10-02T10:48:04.5842100Z     export SYSTEM_DEMOS_DIR\=/Applications/Extras
2026-10-02T10:48:04.5842510Z     export SYSTEM_DEVELOPER_APPS_DIR\=/Applications/Xcode_16.4.app/Contents/Developer/Applications
2026-10-02T10:48:04.5843040Z     export SYSTEM_DEVELOPER_BIN_DIR\=/Applications/Xcode_16.4.app/Contents/Developer/usr/bin
2026-10-02T10:48:04.5845250Z     export SYSTEM_DEVELOPER_DEMOS_DIR\=/Applications/Xcode_16.4.app/Contents/Developer/Applications/Utilities/Built\ Examples
2026-10-02T10:48:04.5846810Z     export SYSTEM_DEVELOPER_DIR\=/Applications/Xcode_16.4.app/Contents/Developer
2026-10-02T10:48:04.5848230Z     export SYSTEM_DEVELOPER_DOC_DIR\=/Applications/Xcode_16.4.app/Contents/Developer/ADC\ Reference\ Library
2026-10-02T10:48:04.5850000Z     export SYSTEM_DEVELOPER_GRAPHICS_TOOLS_DIR\=/Applications/Xcode_16.4.app/Contents/Developer/Applications/Graphics\ Tools
2026-10-02T10:48:04.5851780Z     export SYSTEM_DEVELOPER_JAVA_TOOLS_DIR\=/Applications/Xcode_16.4.app/Contents/Developer/Applications/Java\ Tools
2026-10-02T10:48:04.5853650Z     export SYSTEM_DEVELOPER_PERFORMANCE_TOOLS_DIR\=/Applications/Xcode_16.4.app/Contents/Developer/Applications/Performance\ Tools
2026-10-02T10:48:04.5856140Z     export SYSTEM_DEVELOPER_RELEASENOTES_DIR\=/Applications/Xcode_16.4.app/Contents/Developer/ADC\ Reference\ Library/releasenotes
2026-10-02T10:48:04.5857960Z     export SYSTEM_DEVELOPER_TOOLS\=/Applications/Xcode_16.4.app/Contents/Developer/Tools
2026-10-02T10:48:04.5858680Z     export SYSTEM_DEVELOPER_TOOLS_DOC_DIR\=/Applications/Xcode_16.4.app/Contents/Developer/ADC\ Reference\ Library/documentation/DeveloperTools
2026-10-02T10:48:04.5859890Z     export SYSTEM_DEVELOPER_TOOLS_RELEASENOTES_DIR\=/Applications/Xcode_16.4.app/Contents/Developer/ADC\ Reference\ Library/releasenotes/DeveloperTools
2026-10-02T10:48:04.5860600Z     export SYSTEM_DEVELOPER_USR_DIR\=/Applications/Xcode_16.4.app/Contents/Developer/usr
2026-10-02T10:48:04.5861160Z     export SYSTEM_DEVELOPER_UTILITIES_DIR\=/Applications/Xcode_16.4.app/Contents/Developer/Applications/Utilities
2026-10-02T10:48:04.5861670Z     export SYSTEM_DEXT_INSTALL_PATH\=/System/Library/DriverExtensions
2026-10-02T10:48:04.5862020Z     export SYSTEM_DOCUMENTATION_DIR\=/Library/Documentation
2026-10-02T10:48:04.5862440Z     export SYSTEM_EXTENSIONS_FOLDER_PATH\=Sugar\ Maple.app/Contents/Library/SystemExtensions
2026-10-02T10:48:04.5863010Z     export SYSTEM_EXTENSIONS_FOLDER_PATH_SHALLOW_BUNDLE_NO\=Sugar\ Maple.app/Contents/Library/SystemExtensions
2026-10-02T10:48:04.5863610Z     export SYSTEM_EXTENSIONS_FOLDER_PATH_SHALLOW_BUNDLE_YES\=Sugar\ Maple.app/Contents/SystemExtensions
2026-10-02T10:48:04.5864080Z     export SYSTEM_KEXT_INSTALL_PATH\=/System/Library/Extensions
2026-10-02T10:48:04.5864390Z     export SYSTEM_LIBRARY_DIR\=/System/Library
2026-10-02T10:48:04.5864630Z     export TAPI_DEMANGLE\=YES
2026-10-02T10:48:04.5864840Z     export TAPI_ENABLE_PROJECT_HEADERS\=NO
2026-10-02T10:48:04.5865090Z     export TAPI_LANGUAGE\=objective-c
2026-10-02T10:48:04.5865340Z     export TAPI_LANGUAGE_STANDARD\=compiler-default
2026-10-02T10:48:04.5865610Z     export TAPI_USE_SRCROOT\=YES
2026-10-02T10:48:04.5865830Z     export TAPI_VERIFY_MODE\=Pedantic
2026-10-02T10:48:04.5866060Z     export TARGETED_DEVICE_FAMILY\=1,2,7
2026-10-02T10:48:04.5866280Z     export TARGETNAME\=Sugar\ Maple
2026-10-02T10:48:04.5866710Z     export TARGET_BUILD_DIR\=/Users/runner/work/Sugar-Maple/Sugar-Maple/build/DerivedData/Build/Products/Debug
2026-10-02T10:48:04.5867160Z     export TARGET_NAME\=Sugar\ Maple
2026-10-02T10:48:04.5867870Z     export TARGET_TEMP_DIR\=/Users/runner/work/Sugar-Maple/Sugar-Maple/build/DerivedData/Build/Intermediates.noindex/Sugar\ Maple.build/Debug/Sugar\ Maple.build
2026-10-02T10:48:04.5868930Z     export TEMP_DIR\=/Users/runner/work/Sugar-Maple/Sugar-Maple/build/DerivedData/Build/Intermediates.noindex/Sugar\ Maple.build/Debug/Sugar\ Maple.build
2026-10-02T10:48:04.5869820Z     export TEMP_FILES_DIR\=/Users/runner/work/Sugar-Maple/Sugar-Maple/build/DerivedData/Build/Intermediates.noindex/Sugar\ Maple.build/Debug/Sugar\ Maple.build
2026-10-02T10:48:04.5870730Z     export TEMP_FILE_DIR\=/Users/runner/work/Sugar-Maple/Sugar-Maple/build/DerivedData/Build/Intermediates.noindex/Sugar\ Maple.build/Debug/Sugar\ Maple.build
2026-10-02T10:48:04.5871490Z     export TEMP_ROOT\=/Users/runner/work/Sugar-Maple/Sugar-Maple/build/DerivedData/Build/Intermediates.noindex
2026-10-02T10:48:04.5872210Z     export TEMP_SANDBOX_DIR\=/Users/runner/work/Sugar-Maple/Sugar-Maple/build/DerivedData/Build/Intermediates.noindex/TemporaryTaskSandboxes
2026-10-02T10:48:04.5873030Z     export TEST_FRAMEWORK_SEARCH_PATHS\=\ /Applications/Xcode_16.4.app/Contents/Developer/Platforms/MacOSX.platform/Developer/Library/Frameworks
2026-10-02T10:48:04.5873810Z     export TEST_LIBRARY_SEARCH_PATHS\=\ /Applications/Xcode_16.4.app/Contents/Developer/Platforms/MacOSX.platform/Developer/usr/lib
2026-10-02T10:48:04.5875680Z     export TOOLCHAINS\=com.apple.dt.toolchain.XcodeDefault
2026-10-02T10:48:04.5877170Z     export TOOLCHAIN_DIR\=/Applications/Xcode_16.4.app/Contents/Developer/Toolchains/XcodeDefault.xctoolchain
2026-10-02T10:48:04.5878390Z     export TREAT_MISSING_BASELINES_AS_TEST_FAILURES\=NO
2026-10-02T10:48:04.5879200Z     export TREAT_MISSING_SCRIPT_PHASE_OUTPUTS_AS_ERRORS\=NO
2026-10-02T10:48:04.5881640Z     export UID\=501
2026-10-02T10:48:04.5882920Z     export UNINSTALLED_PRODUCTS_DIR\=/Users/runner/work/Sugar-Maple/Sugar-Maple/build/DerivedData/Build/Intermediates.noindex/UninstalledProducts
2026-10-02T10:48:04.5884100Z     export UNLOCALIZED_RESOURCES_FOLDER_PATH\=Sugar\ Maple.app/Contents/Resources
2026-10-02T10:48:04.5885460Z     export UNLOCALIZED_RESOURCES_FOLDER_PATH_SHALLOW_BUNDLE_NO\=Sugar\ Maple.app/Contents/Resources
2026-10-02T10:48:04.5892910Z     export UNLOCALIZED_RESOURCES_FOLDER_PATH_SHALLOW_BUNDLE_YES\=Sugar\ Maple.app/Contents
2026-10-02T10:48:04.5893290Z     export UNSTRIPPED_PRODUCT\=NO
2026-10-02T10:48:04.5893490Z     export USER\=runner
2026-10-02T10:48:04.5893710Z     export USER_APPS_DIR\=/Users/runner/Applications
2026-10-02T10:48:04.5893990Z     export USER_LIBRARY_DIR\=/Users/runner/Library
2026-10-02T10:48:04.5894230Z     export USE_DYNAMIC_NO_PIC\=YES
2026-10-02T10:48:04.5894430Z     export USE_HEADERMAP\=YES
2026-10-02T10:48:04.5894630Z     export USE_HEADER_SYMLINKS\=NO
2026-10-02T10:48:04.5894870Z     export VALIDATE_DEVELOPMENT_ASSET_PATHS\=YES_ERROR
2026-10-02T10:48:04.5895120Z     export VALIDATE_PRODUCT\=NO
2026-10-02T10:48:04.5895350Z     export VALID_ARCHS\=arm64\ arm64e\ i386\ x86_64
2026-10-02T10:48:04.5895590Z     export VERBOSE_PBXCP\=NO
2026-10-02T10:48:04.5895870Z     export VERSIONPLIST_PATH\=Sugar\ Maple.app/Contents/version.plist
2026-10-02T10:48:04.5896230Z     export VERSION_INFO_BUILDER\=runner
2026-10-02T10:48:04.5896530Z     export VERSION_INFO_FILE\=Sugar\ Maple_vers.c
2026-10-02T10:48:04.5896950Z     export VERSION_INFO_STRING\=\"@\(\#\)PROGRAM:Sugar\ Maple\ \ PROJECT:Sugar\ Maple-1\"
2026-10-02T10:48:04.5897490Z     export WORKSPACE_DIR\=/Users/runner/work/Sugar-Maple/Sugar-Maple/src/apple/Sugar\ Maple.xcodeproj
2026-10-02T10:48:04.5897890Z     export WRAPPER_EXTENSION\=app
2026-10-02T10:48:04.5898110Z     export WRAPPER_NAME\=Sugar\ Maple.app
2026-10-02T10:48:04.5898330Z     export WRAPPER_SUFFIX\=.app
2026-10-02T10:48:04.5898570Z     export WRAP_ASSET_PACKS_IN_SEPARATE_DIRECTORIES\=NO
2026-10-02T10:48:04.5898970Z     export XCODE_APP_SUPPORT_DIR\=/Applications/Xcode_16.4.app/Contents/Developer/Library/Xcode
2026-10-02T10:48:04.5899350Z     export XCODE_PRODUCT_BUILD_VERSION\=16F6
2026-10-02T10:48:04.5899610Z     export XCODE_VERSION_ACTUAL\=1640
2026-10-02T10:48:04.5899840Z     export XCODE_VERSION_MAJOR\=1600
2026-10-02T10:48:04.5900460Z     export XCODE_VERSION_MINOR\=1640
2026-10-02T10:48:04.5900790Z     export XPCSERVICES_FOLDER_PATH\=Sugar\ Maple.app/Contents/XPCServices
2026-10-02T10:48:04.5901110Z     export YACC\=yacc
2026-10-02T10:48:04.5901300Z     export _BOOL_\=NO
2026-10-02T10:48:04.5901460Z     export _BOOL_NO\=NO
2026-10-02T10:48:04.5901630Z     export _BOOL_YES\=YES
2026-10-02T10:48:04.5901820Z     export _DEVELOPMENT_TEAM_IS_EMPTY\=NO
2026-10-02T10:48:04.5902120Z     export _DISCOVER_COMMAND_LINE_LINKER_INPUTS\=YES
2026-10-02T10:48:04.5902470Z     export _DISCOVER_COMMAND_LINE_LINKER_INPUTS_INCLUDE_WL\=YES
2026-10-02T10:48:04.5902740Z     export _IS_EMPTY_\=YES
2026-10-02T10:48:04.5902950Z     export _MACOSX_DEPLOYMENT_TARGET_IS_EMPTY\=NO
2026-10-02T10:48:04.5903200Z     export _WRAPPER_CONTENTS_DIR\=/Contents
2026-10-02T10:48:04.5903470Z     export _WRAPPER_CONTENTS_DIR_SHALLOW_BUNDLE_NO\=/Contents
2026-10-02T10:48:04.5903750Z     export _WRAPPER_PARENT_PATH\=/..
2026-10-02T10:48:04.5904000Z     export _WRAPPER_PARENT_PATH_SHALLOW_BUNDLE_NO\=/..
2026-10-02T10:48:04.5904270Z     export _WRAPPER_RESOURCES_DIR\=/Resources
2026-10-02T10:48:04.5904560Z     export _WRAPPER_RESOURCES_DIR_SHALLOW_BUNDLE_NO\=/Resources
2026-10-02T10:48:04.5904840Z     export __DIAGNOSE_DEPRECATED_ARCHS\=YES
2026-10-02T10:48:04.5905060Z     export __IS_NOT_MACOS\=NO
2026-10-02T10:48:04.5905240Z     export __IS_NOT_MACOS_macosx\=NO
2026-10-02T10:48:04.5905450Z     export __IS_NOT_SIMULATOR\=YES
2026-10-02T10:48:04.5905660Z     export __IS_NOT_SIMULATOR_simulator\=NO
2026-10-02T10:48:04.5905890Z     export arch\=undefined_arch
2026-10-02T10:48:04.5906080Z     export variant\=normal
2026-10-02T10:48:04.5906680Z     /bin/sh -c /Users/runner/work/Sugar-Maple/Sugar-Maple/build/DerivedData/Build/Intermediates.noindex/Sugar\\\ Maple.build/Debug/Sugar\\\ Maple.build/Script-000000000000000150000000.sh
2026-10-02T10:48:04.5907230Z 
2026-10-02T10:48:04.5907940Z CopySwiftLibs /Users/runner/work/Sugar-Maple/Sugar-Maple/build/DerivedData/Build/Products/Debug/Sugar\ Maple.app (in target 'Sugar Maple' from project 'Sugar Maple')
2026-10-02T10:48:04.5908710Z     cd /Users/runner/work/Sugar-Maple/Sugar-Maple/src/apple
2026-10-02T10:48:04.5918160Z     builtin-swiftStdLibTool --copy --verbose --scan-executable /Users/runner/work/Sugar-Maple/Sugar-Maple/build/DerivedData/Build/Products/Debug/Sugar\ Maple.app/Contents/MacOS/Sugar\ Maple.debug.dylib --scan-folder /Users/runner/work/Sugar-Maple/Sugar-Maple/build/DerivedData/Build/Products/Debug/Sugar\ Maple.app/Contents/Frameworks --scan-folder /Users/runner/work/Sugar-Maple/Sugar-Maple/build/DerivedData/Build/Products/Debug/Sugar\ Maple.app/Contents/PlugIns --scan-folder /Users/runner/work/Sugar-Maple/Sugar-Maple/build/DerivedData/Build/Products/Debug/Sugar\ Maple.app/Contents/Library/SystemExtensions --scan-folder /Users/runner/work/Sugar-Maple/Sugar-Maple/build/DerivedData/Build/Products/Debug/Sugar\ Maple.app/Contents/Extensions --platform macosx --toolchain /Applications/Xcode_16.4.app/Contents/Developer/Toolchains/XcodeDefault.xctoolchain --destination /Users/runner/work/Sugar-Maple/Sugar-Maple/build/DerivedData/Build/Products/Debug/Sugar\ Maple.app/Contents/Frameworks --strip-bitcode --strip-bitcode-tool /Applications/Xcode_16.4.app/Contents/Developer/Toolchains/XcodeDefault.xctoolchain/usr/bin/bitcode_strip --emit-dependency-info /Users/runner/work/Sugar-Maple/Sugar-Maple/build/DerivedData/Build/Intermediates.noindex/Sugar\ Maple.build/Debug/Sugar\ Maple.build/SwiftStdLibToolInputDependencies.dep --filter-for-swift-os
2026-10-02T10:48:04.5924230Z Ignoring --strip-bitcode because --sign was not passed
2026-10-02T10:48:04.5924470Z 
2026-10-02T10:48:04.5924720Z ExtractAppIntentsMetadata (in target 'Sugar Maple' from project 'Sugar Maple')
2026-10-02T10:48:04.5925190Z     cd /Users/runner/work/Sugar-Maple/Sugar-Maple/src/apple
2026-10-02T10:48:04.6144360Z     /Applications/Xcode_16.4.app/Contents/Developer/Toolchains/XcodeDefault.xctoolchain/usr/bin/appintentsmetadataprocessor --toolchain-dir /Applications/Xcode_16.4.app/Contents/Developer/Toolchains/XcodeDefault.xctoolchain --module-name Sugar_Maple --sdk-root /Applications/Xcode_16.4.app/Contents/Developer/Platforms/MacOSX.platform/Developer/SDKs/MacOSX15.5.sdk --xcode-version 16F6 --platform-family macOS --deployment-target 15.4 --bundle-identifier io.zubair.SugarMaple --output /Users/runner/work/Sugar-Maple/Sugar-Maple/build/DerivedData/Build/Products/Debug/Sugar\ Maple.app/Contents/Resources --target-triple arm64-apple-macos15.4 --binary-file /Users/runner/work/Sugar-Maple/Sugar-Maple/build/DerivedData/Build/Products/Debug/Sugar\ Maple.app/Contents/MacOS/Sugar\ Maple --dependency-file /Users/runner/work/Sugar-Maple/Sugar-Maple/build/DerivedData/Build/Intermediates.noindex/Sugar\ Maple.build/Debug/Sugar\ Maple.build/Objects-normal/arm64/Sugar\ Maple_dependency_info.dat --stringsdata-file /Users/runner/work/Sugar-Maple/Sugar-Maple/build/DerivedData/Build/Intermediates.noindex/Sugar\ Maple.build/Debug/Sugar\ Maple.build/Objects-normal/arm64/ExtractedAppShortcutsMetadata.stringsdata --source-file-list /Users/runner/work/Sugar-Maple/Sugar-Maple/build/DerivedData/Build/Intermediates.noindex/Sugar\ Maple.build/Debug/Sugar\ Maple.build/Objects-normal/arm64/Sugar\ Maple.SwiftFileList --metadata-file-list /Users/runner/work/Sugar-Maple/Sugar-Maple/build/DerivedData/Build/Intermediates.noindex/Sugar\ Maple.build/Debug/Sugar\ Maple.build/Sugar\ Maple.DependencyMetadataFileList --static-metadata-file-list /Users/runner/work/Sugar-Maple/Sugar-Maple/build/DerivedData/Build/Intermediates.noindex/Sugar\ Maple.build/Debug/Sugar\ Maple.build/Sugar\ Maple.DependencyStaticMetadataFileList --swift-const-vals-list /Users/runner/work/Sugar-Maple/Sugar-Maple/build/DerivedData/Build/Intermediates.noindex/Sugar\ Maple.build/Debug/Sugar\ Maple.build/Objects-normal/arm64/Sugar\ Maple.SwiftConstValuesFileList --compile-time-extraction --deployment-aware-processing --validate-assistant-intents --no-app-shortcuts-localization
2026-10-02T10:48:04.6369630Z 2026-10-02 10:48:04.397 appintentsmetadataprocessor[15152:48315] Starting appintentsmetadataprocessor export
2026-10-02T10:48:04.6375920Z 2026-10-02 10:48:04.403 appintentsmetadataprocessor[15152:48315] warning: Metadata extraction skipped. No AppIntents.framework dependency found.
2026-10-02T10:48:04.6376420Z 
2026-10-02T10:48:04.6376950Z RegisterExecutionPolicyException /Users/runner/work/Sugar-Maple/Sugar-Maple/build/DerivedData/Build/Products/Debug/Sugar\ Maple.app (in target 'Sugar Maple' from project 'Sugar Maple')
2026-10-02T10:48:04.6389840Z     cd /Users/runner/work/Sugar-Maple/Sugar-Maple/src/apple
2026-10-02T10:48:04.6392560Z     builtin-RegisterExecutionPolicyException /Users/runner/work/Sugar-Maple/Sugar-Maple/build/DerivedData/Build/Products/Debug/Sugar\ Maple.app
2026-10-02T10:48:04.6393110Z 
2026-10-02T10:48:04.6393560Z Validate /Users/runner/work/Sugar-Maple/Sugar-Maple/build/DerivedData/Build/Products/Debug/Sugar\ Maple.app (in target 'Sugar Maple' from project 'Sugar Maple')
2026-10-02T10:48:04.6394190Z     cd /Users/runner/work/Sugar-Maple/Sugar-Maple/src/apple
2026-10-02T10:48:04.6411240Z     builtin-validationUtility /Users/runner/work/Sugar-Maple/Sugar-Maple/build/DerivedData/Build/Products/Debug/Sugar\ Maple.app -no-validate-extension -infoplist-subpath Contents/Info.plist
2026-10-02T10:48:04.6415480Z 
2026-10-02T10:48:04.6421360Z Touch /Users/runner/work/Sugar-Maple/Sugar-Maple/build/DerivedData/Build/Products/Debug/Sugar\ Maple.app (in target 'Sugar Maple' from project 'Sugar Maple')
2026-10-02T10:48:04.6426570Z     cd /Users/runner/work/Sugar-Maple/Sugar-Maple/src/apple
2026-10-02T10:48:04.6427100Z     /usr/bin/touch -c /Users/runner/work/Sugar-Maple/Sugar-Maple/build/DerivedData/Build/Products/Debug/Sugar\ Maple.app
2026-10-02T10:48:04.6427490Z 
2026-10-02T10:48:04.6427980Z RegisterWithLaunchServices /Users/runner/work/Sugar-Maple/Sugar-Maple/build/DerivedData/Build/Products/Debug/Sugar\ Maple.app (in target 'Sugar Maple' from project 'Sugar Maple')
2026-10-02T10:48:04.6428680Z     cd /Users/runner/work/Sugar-Maple/Sugar-Maple/src/apple
2026-10-02T10:48:04.6430160Z     /System/Library/Frameworks/CoreServices.framework/Versions/Current/Frameworks/LaunchServices.framework/Versions/Current/Support/lsregister -f -R -trusted /Users/runner/work/Sugar-Maple/Sugar-Maple/build/DerivedData/Build/Products/Debug/Sugar\ Maple.app
2026-10-02T10:48:04.7050680Z 
2026-10-02T10:48:04.7359490Z warning: Run script build phase 'Bundle Editor' will be run during every build because it does not specify any outputs. To address this issue, either add output dependencies to the script phase, or configure it to run in every build by unchecking "Based on dependency analysis" in the script phase. (in target 'Sugar Maple' from project 'Sugar Maple')
2026-10-02T10:48:04.7462770Z ** BUILD SUCCEEDED **
2026-10-02T10:48:04.7566000Z 
2026-10-02T10:48:04.8395650Z /Users/runner/work/Sugar-Maple/Sugar-Maple/build/DerivedData/Build/Products/Debug/Sugar Maple.app: replacing existing signature
2026-10-02T10:48:04.8854450Z /Users/runner/work/Sugar-Maple/Sugar-Maple/build/DerivedData/Build/Products/Debug/Sugar Maple.app
2026-10-02T10:48:04.9091650Z ##[group]Run bun tools/native-acceptance.ts
2026-10-02T10:48:04.9092030Z [36;1mbun tools/native-acceptance.ts[0m
2026-10-02T10:48:05.1942160Z shell: /bin/bash -e {0}
2026-10-02T10:48:05.1943370Z ##[endgroup]
2026-10-02T10:48:17.8596610Z PASS: actual named NSPasteboard structured/text formats, UTF-8 roundtrip, structured precedence, version-one fallback, rejected malformed/future/Boolean/oversize writes preserve content and invalid structured reads reject
2026-10-02T10:48:19.4272120Z PASS: real .syrup save/reopen and invalid-write preservation and external-change conflict
2026-10-02T10:48:19.4372400Z PASS: actual read/fingerprint reject sparse 32 MB + 1 byte and 3 GB checkpoints with explicit unsigned 64-bit size checks
2026-10-02T10:48:22.1623300Z PASS: real autosave packages, independent documents, title rename, collisions, invalid names, case-only rename, rename undo, migration, restart, external conflict, recovery preservation and corrupt native Open rejection
2026-10-02T10:48:23.9925020Z PASS: trusted origin/hostname, resource traversal and symlink isolation, package symlink read/write/fingerprint rejection and original-file preservation
2026-10-02T10:48:27.9189090Z PASS: real native MCP socket, occupied port, private credentials, structured output, typed loading/timeout/disconnected, deterministic 10/s throttle, stop and credential-rotating reconnect
2026-10-02T10:48:28.0178780Z PASS: unavailable-host stdio returns actionable JSON-RPC error and keeps stdout protocol-clean
2026-10-02T10:48:30.4419540Z PASS: generated SwiftUI serif, monospaced, tracking and multiline alignment consumer compiles against the actual SDK
2026-10-02T10:48:50.4692830Z implicit-relative: native ink 5676, SVG ink 5676, overlap 1.0, difference 0.0
2026-10-02T10:48:50.4918060Z horizontal-vertical: native ink 2880, SVG ink 2880, overlap 1.0, difference 0.0
2026-10-02T10:48:50.5085210Z cubic-smooth: native ink 2083, SVG ink 2122, overlap 0.9667913938260057, difference 0.0304022450888681
2026-10-02T10:48:50.5188680Z quadratic-smooth: native ink 1986, SVG ink 2034, overlap 0.9648093841642229, difference 0.015640273704789834
2026-10-02T10:48:50.5297670Z smooth-reset: native ink 2680, SVG ink 2734, overlap 0.9730320699708455, difference 0.01348396501457726
2026-10-02T10:48:50.5419210Z arc-small: native ink 1395, SVG ink 1430, overlap 0.9672701949860725, difference 0.027855153203342618
2026-10-02T10:48:50.5522880Z arc-large: native ink 1389, SVG ink 1430, overlap 0.9685754189944135, difference 0.023743016759776536
2026-10-02T10:48:50.5591750Z arc-other-sweep: native ink 1389, SVG ink 1430, overlap 0.9685754189944135, difference 0.023743016759776536
2026-10-02T10:48:50.5594170Z arc-other-large: native ink 1395, SVG ink 1430, overlap 0.9672701949860725, difference 0.027855153203342618
2026-10-02T10:48:50.5595880Z arc-radii-corrected: native ink 1889, SVG ink 1902, overlap 0.9713988559542381, difference 0.01612064482579303
2026-10-02T10:48:50.5597430Z arc-degenerate: native ink 1186, SVG ink 1144, overlap 0.9645868465430016, difference 0.0
2026-10-02T10:48:50.5606610Z compact-flags: native ink 1395, SVG ink 1430, overlap 0.9672701949860725, difference 0.027855153203342618
2026-10-02T10:48:50.5608560Z compound-nonzero: native ink 27240, SVG ink 27240, overlap 1.0, difference 0.0
2026-10-02T10:48:50.5610230Z viewbox-origin: native ink 15794, SVG ink 15794, overlap 1.0, difference 0.0
2026-10-02T10:48:50.5611370Z anisotropic-stroke: native ink 4742, SVG ink 4710, overlap 0.9815513626834381, difference 0.012368972746331237
2026-10-02T10:48:50.5613180Z acute-miter: native ink 7130, SVG ink 7196, overlap 0.9905516187300264, difference 0.00013894678338196472
2026-10-02T10:48:50.5613830Z clipping-opacity: native ink 17492, SVG ink 17518, overlap 0.998515812307341, difference 0.0
2026-10-02T10:48:50.5614570Z line: native ink 1546, SVG ink 1551, overlap 0.996776273372018, difference 0.0
2026-10-02T10:48:50.5615300Z arrow: native ink 2188, SVG ink 2221, overlap 0.985141828005403, difference 0.0009004952723998199
2026-10-02T10:48:50.5617560Z path: native ink 2417, SVG ink 2417, overlap 1.0, difference 0.0
2026-10-02T10:48:50.5684910Z freehand: native ink 1882, SVG ink 1883, overlap 0.9984076433121019, difference 0.006369426751592357
2026-10-02T10:48:50.5686760Z empty-path: native ink 0, SVG ink 0, overlap 0.0, difference 0.0
2026-10-02T10:48:50.5688130Z nested-placement: native ink 10480, SVG ink 10530, overlap 0.9952516619183286, difference 0.0
2026-10-02T10:48:50.5697360Z PASS: 23 standalone SwiftUI vector fixtures compile against macOS 14 and render against actual WKWebView SVG references
2026-10-02T10:48:52.3249300Z PASS: actual SwiftUI TextField/SecureField, email hint, initial values, disabled state and accessibility names consumer compiles
2026-10-02T10:49:00.5892900Z PASS: actual isolated WKWebView, offline bundled fonts, no authoring bridge/store, rejected file command/navigation, live scene with retained ephemeral input, overlays/navigation/reset, idempotent close and disposed renderer
2026-10-02T10:49:06.2407460Z PASS: actual .syrup save/reopen retains one shared image and complete journal; native NSImage decodes embedded bytes; isolated bundled WKWebView renders two imported images/text/input values
2026-10-02T10:49:11.2239160Z PASS: generated self-contained SwiftUI Repeat Grid consumer compiles and renders, shared embedded bytes decode once; actual native checkpoint reopens with one-batch undo/redo
2026-10-02T10:49:14.3845240Z PASS: explicit SwiftUI Button/TextField/VStack mappings compile against the macOS 14 API baseline and render through actual NSHostingView
2026-10-02T10:49:23.1153740Z PASS: fresh visible WKWebView production Canvas transform keyboard/geometry acceptance; /Users/runner/work/Sugar-Maple/Sugar-Maple/build/native-canvas-transforms/report.json
2026-10-02T10:49:23.1253250Z PASS: 18 production WKWebView resize/rotation keyboard cases, zoom 0.5/1.5, independent pinned-anchor geometry, inherited locks/visibility and exact undo
2026-10-02T10:49:31.0295670Z PASS: fresh visible WKWebView production Canvas transform keyboard/geometry acceptance; /Users/runner/work/Sugar-Maple/Sugar-Maple/build/native-canvas-placement/report.json
2026-10-02T10:49:31.0401440Z PASS: 16 production WKWebView alignment/distribution DOM cases, zoom 0.5/1.5, independent rotated geometry, locked ancestors, snapping preference without history, exact undo and no console errors
2026-10-02T10:49:40.2041910Z PASS: fresh visible WKWebView production Canvas transform keyboard/geometry acceptance; /Users/runner/work/Sugar-Maple/Sugar-Maple/build/native-canvas-reparent/report.json
2026-10-02T10:49:40.2287160Z PASS: 12 production WKWebView reparent preview/cancel/apply cases, rotated geometry, responsive sizing, layout rules, stale preview cancellation, inherited guards and exact undo at zoom 0.5/1.5
2026-10-02T10:49:45.2836770Z PASS: actual isolated native Sugar Maple MCP on 48494, nested transformed Canvas layout, selection/capture, exact atomic undo/redo and durable checkpoint
2026-10-02T10:49:54.0186620Z PASS: fresh visible WKWebView production Canvas transform keyboard/geometry acceptance; /Users/runner/work/Sugar-Maple/Sugar-Maple/build/native-lock-editing/report.json
2026-10-02T10:49:54.0285650Z PASS: 12 production WKWebView inherited-lock controls/DOM keyboard cases, atomic deletion, explicit visibility/unlock, read-only mode routing and exact undo; OS input and VoiceOver are separate
2026-10-02T10:50:02.5917690Z Native benchmark failed: Error Domain=WKErrorDomain Code=4 "A JavaScript exception occurred" UserInfo={WKJavaScriptExceptionLineNumber=0, WKJavaScriptExceptionMessage=Error: WK rotated-parent endpoint geometry {"start":{"x":119.96627432412504,"y":130.07906082478186},"end":{"x":240.29271271045735,"y":179.8942013471187},"node":{"id":"d72b69d6-d6b4-4fcd-8422-972a39b5d110","pageId":"17228e26-2c24-48ee-b509-e28368d76675","parentId":"frame","kind":"path","name":"Line","x":114.51885591585972,"y":123.26118876151139,"width":130.02385679459758,"height":60.88301258560733,"widthMode":"fixed","heightMode":"fixed","widthPercent":100,"heightPercent":100,"rotation":0,"radius":0,"gradient":null,"fillEnabled":false,"fill":"#2563eb","color":"#18181b","stroke":"#2563eb","strokeWidth":8,"opacity":1,"text":"","fontSize":16,"fontWeight":400,"fontFamily":"system-ui","lineHeight":1.2,"letterSpacing":0,"textAlign":"auto","layout":"free","gap":16,"padding":16,"columns":2,"hidden":false,"locked":false,"order":0,"inputType":"text","initialValue":"","accessibleLabel":"","disabled":false,"prototypeAction":"navigate","targetId":null,"transition":"instant","asset":"","pathData":"M4.25 4.25 L125.7739 56.633","viewBox":"0 0 130.0239 60.883","libraryRef":null,"librarySlot":"","componentId":null,"isComponent":false,"variantName":"Default","variants":{},"overrides":[],"repeatTemplateId":null,"repeatIndex":null,"fillToken":""},"values":[4.25,4.25,125.7739,56.633],"zoom":1.5}, WKJavaScriptExceptionColumnNumber=0, NSLocalizedDescription=A JavaScript exception occurred}
2026-10-02T10:50:02.6064480Z 10 |   kind: 'frame', x: 40, y: 40, width: 500, height: 400, rotation: 25, strokeWidth: 2 })];
2026-10-02T10:50:02.6173230Z 11 | const fixture = resolve(output, 'fixture.json'), executable = resolve(output, 'native-drawing');
2026-10-02T10:50:02.6273820Z 12 | await Bun.write(fixture, JSON.stringify(new DocumentStore(document).checkpoint()));
2026-10-02T10:50:02.6375380Z 13 | async function run(cmd: string[]) {
2026-10-02T10:50:02.6476620Z 14 |   const child = Bun.spawn(cmd, { cwd: root, stdout: 'inherit', stderr: 'inherit' });
2026-10-02T10:50:02.6541610Z 15 |   if (await child.exited) throw Error('Native drawing failed: ' + cmd[0]);
2026-10-02T10:50:02.6542380Z                                      ^
2026-10-02T10:50:02.6559160Z error: Native drawing failed: /Users/runner/work/Sugar-Maple/Sugar-Maple/build/native-canvas-drawing/native-drawing
2026-10-02T10:50:02.6566950Z       at run (/Users/runner/work/Sugar-Maple/Sugar-Maple/tools/native-canvas-drawing.ts:15:33)
2026-10-02T10:50:02.6590490Z 
2026-10-02T10:50:02.6668240Z ##[error]
      at run (/Users/runner/work/Sugar-Maple/Sugar-Maple/tools/native-canvas-drawing.ts:15:33)
2026-10-02T10:50:02.6691780Z 
2026-10-02T10:50:02.6692660Z Bun v1.4.2 (macOS arm64)
2026-10-02T10:50:02.6693440Z 36 |   const process = Bun.spawn(cmd, {
2026-10-02T10:50:02.6694240Z 37 |     cwd: root,
2026-10-02T10:50:02.6694810Z 38 |     stdout: "inherit",
2026-10-02T10:50:02.6696790Z 39 |     stderr: "inherit",
2026-10-02T10:50:02.6697290Z 40 |   });
2026-10-02T10:50:02.6697850Z 41 |   if (await process.exited) throw Error(`Native acceptance failed: ${cmd[0]}`);
2026-10-02T10:50:02.6698410Z                                        ^
2026-10-02T10:50:02.6699770Z error: Native acceptance failed: /Users/runner/.bun/bin/bun
2026-10-02T10:50:02.6700260Z       at run (/Users/runner/work/Sugar-Maple/Sugar-Maple/tools/native-acceptance.ts:41:35)
2026-10-02T10:50:02.6700610Z 
2026-10-02T10:50:02.6702230Z ##[error]
      at run (/Users/runner/work/Sugar-Maple/Sugar-Maple/tools/native-acceptance.ts:41:35)
2026-10-02T10:50:02.6703240Z 
2026-10-02T10:50:02.6710330Z Bun v1.4.2 (macOS arm64)
2026-10-02T10:50:02.6726930Z ##[error]Process completed with exit code 1.
2026-10-02T10:50:02.7056900Z Post job cleanup.
2026-10-02T10:50:03.3857960Z [command]/opt/homebrew/bin/git version
2026-10-02T10:50:03.4395960Z git version 2.55.0
2026-10-02T10:50:03.4420200Z Copying '/Users/runner/.gitconfig' to '/Users/runner/work/_temp/6c4876cf-112a-416d-a125-93f57bb71585/.gitconfig'
2026-10-02T10:50:03.4429430Z Temporarily overriding HOME='/Users/runner/work/_temp/6c4876cf-112a-416d-a125-93f57bb71585' before making global git config changes
2026-10-02T10:50:03.4435950Z Adding repository directory to the temporary git global config as a safe directory
2026-10-02T10:50:03.4437700Z [command]/opt/homebrew/bin/git config --global --add safe.directory /Users/runner/work/Sugar-Maple/Sugar-Maple
2026-10-02T10:50:03.4621810Z [command]/opt/homebrew/bin/git config --local --name-only --get-regexp core\.sshCommand
2026-10-02T10:50:03.4747930Z [command]/opt/homebrew/bin/git submodule foreach --recursive sh -c "git config --local --name-only --get-regexp 'core\.sshCommand' && git config --local --unset-all 'core.sshCommand' || :"
2026-10-02T10:50:03.6373350Z [command]/opt/homebrew/bin/git config --local --name-only --get-regexp http\.https\:\/\/github\.com\/\.extraheader
2026-10-02T10:50:03.6462400Z http.https://github.com/.extraheader
2026-10-02T10:50:03.6476570Z [command]/opt/homebrew/bin/git config --local --unset-all http.https://github.com/.extraheader
2026-10-02T10:50:03.6585890Z [command]/opt/homebrew/bin/git submodule foreach --recursive sh -c "git config --local --name-only --get-regexp 'http\.https\:\/\/github\.com\/\.extraheader' && git config --local --unset-all 'http.https://github.com/.extraheader' || :"
2026-10-02T10:50:03.7822200Z [command]/opt/homebrew/bin/git config --local --name-only --get-regexp ^includeIf\.gitdir:
2026-10-02T10:50:03.7923690Z [command]/opt/homebrew/bin/git submodule foreach --recursive git config --local --show-origin --name-only --get-regexp remote.origin.url
2026-10-02T10:50:03.9421500Z Cleaning up orphan processes
2026-10-02T10:50:04.6868160Z ##[warning]Node.js 20 is deprecated. The following actions target Node.js 20 but are being forced to run on Node.js 24: actions/checkout@11d5960a326750d5838078e36cf38b85af677262. For more information see: https://github.blog/changelog/2025-09-19-deprecation-of-node-20-on-github-actions-runners/
