Command line invocation:
    /Applications/Xcode.app/Contents/Developer/usr/bin/xcodebuild -project "src/apple/Sugar Maple.xcodeproj" -scheme "Sugar Maple" -configuration Debug -destination platform=macOS -derivedDataPath build/evidence/product-review-2026-10-01/DerivedData CODE_SIGNING_ALLOWED=NO build

Build settings from command line:
    CODE_SIGNING_ALLOWED = NO

2026-10-01 00:58:35.860 xcodebuild[44859:69352706] [MT] IDERunDestination: Supported platforms for the buildables in the current scheme is empty.
--- xcodebuild: WARNING: Using the first of multiple matching destinations:
{ platform:macOS, arch:arm64, id:00006050-0013693C2131401C, name:My Mac }
{ platform:macOS, arch:x86_64, id:00006050-0013693C2131401C, name:My Mac }
ComputePackagePrebuildTargetDependencyGraph

Prepare packages

CreateBuildRequest

SendProjectDescription

CreateBuildOperation

ComputeTargetDependencyGraph
note: Building targets in dependency order
note: Target dependency graph (1 target)
    Target 'Sugar Maple' in project 'Sugar Maple' (no dependencies)

GatherProvisioningInputs

CreateBuildDescription

ExecuteExternalTool /Applications/Xcode.app/Contents/Developer/Toolchains/XcodeDefault.xctoolchain/usr/bin/clang -v -E -dM -isysroot /Applications/Xcode.app/Contents/Developer/Platforms/MacOSX.platform/Developer/SDKs/MacOSX27.0.sdk -x c -c /dev/null

ExecuteExternalTool /Applications/Xcode.app/Contents/Developer/usr/bin/actool --version --output-format xml1

ExecuteExternalTool /Applications/Xcode.app/Contents/Developer/Toolchains/XcodeDefault.xctoolchain/usr/bin/swiftc --version

ExecuteExternalTool /Applications/Xcode.app/Contents/Developer/Toolchains/XcodeDefault.xctoolchain/usr/bin/ld -version_details

Build description signature: 80176dd04183a8011e0e39a92eb130c0
Build description path: /Users/riabuz/Projects/_Sugar Maple/build/evidence/product-review-2026-10-01/DerivedData/Build/Intermediates.noindex/XCBuildData/80176dd04183a8011e0e39a92eb130c0.xcbuilddata
CreateBuildDirectory /Users/riabuz/Projects/_Sugar\ Maple/build/evidence/product-review-2026-10-01/DerivedData/SDKExplicitPrecompiledModules
    cd /Users/riabuz/Projects/_Sugar\ Maple/src/apple/Sugar\ Maple.xcodeproj
    builtin-create-build-directory /Users/riabuz/Projects/_Sugar\ Maple/build/evidence/product-review-2026-10-01/DerivedData/SDKExplicitPrecompiledModules

CreateBuildDirectory /Users/riabuz/Projects/_Sugar\ Maple/build/evidence/product-review-2026-10-01/DerivedData/ModuleCache.noindex
    cd /Users/riabuz/Projects/_Sugar\ Maple/src/apple/Sugar\ Maple.xcodeproj
    builtin-create-build-directory /Users/riabuz/Projects/_Sugar\ Maple/build/evidence/product-review-2026-10-01/DerivedData/ModuleCache.noindex

CreateBuildDirectory /Users/riabuz/Projects/_Sugar\ Maple/build/evidence/product-review-2026-10-01/DerivedData/CompilationCache.noindex
    cd /Users/riabuz/Projects/_Sugar\ Maple/src/apple/Sugar\ Maple.xcodeproj
    builtin-create-build-directory /Users/riabuz/Projects/_Sugar\ Maple/build/evidence/product-review-2026-10-01/DerivedData/CompilationCache.noindex

ClangStatCache /Applications/Xcode.app/Contents/Developer/Toolchains/XcodeDefault.xctoolchain/usr/bin/clang-stat-cache /Applications/Xcode.app/Contents/Developer/Platforms/MacOSX.platform/Developer/SDKs/MacOSX27.0.sdk /Users/riabuz/Projects/_Sugar\ Maple/build/evidence/product-review-2026-10-01/DerivedData/SDKStatCaches.noindex/macosx27.0-26A425-7231f6df4def33e022ae2eb8f782df1a.sdkstatcache
    cd /Users/riabuz/Projects/_Sugar\ Maple/src/apple/Sugar\ Maple.xcodeproj
    /Applications/Xcode.app/Contents/Developer/Toolchains/XcodeDefault.xctoolchain/usr/bin/clang-stat-cache /Applications/Xcode.app/Contents/Developer/Platforms/MacOSX.platform/Developer/SDKs/MacOSX27.0.sdk -o /Users/riabuz/Projects/_Sugar\ Maple/build/evidence/product-review-2026-10-01/DerivedData/SDKStatCaches.noindex/macosx27.0-26A425-7231f6df4def33e022ae2eb8f782df1a.sdkstatcache

CreateBuildDirectory /Users/riabuz/Projects/_Sugar\ Maple/build/evidence/product-review-2026-10-01/DerivedData/Build/Intermediates.noindex
    cd /Users/riabuz/Projects/_Sugar\ Maple/src/apple/Sugar\ Maple.xcodeproj
    builtin-create-build-directory /Users/riabuz/Projects/_Sugar\ Maple/build/evidence/product-review-2026-10-01/DerivedData/Build/Intermediates.noindex

CreateBuildDirectory /Users/riabuz/Projects/_Sugar\ Maple/build/evidence/product-review-2026-10-01/DerivedData/Build/Products
    cd /Users/riabuz/Projects/_Sugar\ Maple/src/apple/Sugar\ Maple.xcodeproj
    builtin-create-build-directory /Users/riabuz/Projects/_Sugar\ Maple/build/evidence/product-review-2026-10-01/DerivedData/Build/Products

CreateBuildDirectory /Users/riabuz/Projects/_Sugar\ Maple/build/evidence/product-review-2026-10-01/DerivedData/Build/Products/Debug
    cd /Users/riabuz/Projects/_Sugar\ Maple/src/apple/Sugar\ Maple.xcodeproj
    builtin-create-build-directory /Users/riabuz/Projects/_Sugar\ Maple/build/evidence/product-review-2026-10-01/DerivedData/Build/Products/Debug

CreateBuildDirectory /Users/riabuz/Projects/_Sugar\ Maple/build/evidence/product-review-2026-10-01/DerivedData/Build/Intermediates.noindex/SwiftExplicitPrecompiledModules
    cd /Users/riabuz/Projects/_Sugar\ Maple/src/apple/Sugar\ Maple.xcodeproj
    builtin-create-build-directory /Users/riabuz/Projects/_Sugar\ Maple/build/evidence/product-review-2026-10-01/DerivedData/Build/Intermediates.noindex/SwiftExplicitPrecompiledModules

CreateBuildDirectory /Users/riabuz/Projects/_Sugar\ Maple/build/evidence/product-review-2026-10-01/DerivedData/Build/Intermediates.noindex/PrecompiledHeaders
    cd /Users/riabuz/Projects/_Sugar\ Maple/src/apple/Sugar\ Maple.xcodeproj
    builtin-create-build-directory /Users/riabuz/Projects/_Sugar\ Maple/build/evidence/product-review-2026-10-01/DerivedData/Build/Intermediates.noindex/PrecompiledHeaders

CreateBuildDirectory /Users/riabuz/Projects/_Sugar\ Maple/build/evidence/product-review-2026-10-01/DerivedData/Build/Intermediates.noindex/ExplicitPrecompiledModules
    cd /Users/riabuz/Projects/_Sugar\ Maple/src/apple/Sugar\ Maple.xcodeproj
    builtin-create-build-directory /Users/riabuz/Projects/_Sugar\ Maple/build/evidence/product-review-2026-10-01/DerivedData/Build/Intermediates.noindex/ExplicitPrecompiledModules

CreateBuildDirectory /Users/riabuz/Projects/_Sugar\ Maple/build/evidence/product-review-2026-10-01/DerivedData/Build/Intermediates.noindex/EagerLinkingTBDs/Debug
    cd /Users/riabuz/Projects/_Sugar\ Maple/src/apple/Sugar\ Maple.xcodeproj
    builtin-create-build-directory /Users/riabuz/Projects/_Sugar\ Maple/build/evidence/product-review-2026-10-01/DerivedData/Build/Intermediates.noindex/EagerLinkingTBDs/Debug

WriteAuxiliaryFile /Users/riabuz/Projects/_Sugar\ Maple/build/evidence/product-review-2026-10-01/DerivedData/Build/Intermediates.noindex/Sugar\ Maple.build/Debug/Sugar\ Maple-b1fd31637b825f830deb84544883a5b8-VFS/all-product-headers.yaml
    cd /Users/riabuz/Projects/_Sugar\ Maple/src/apple/Sugar\ Maple.xcodeproj
    write-file /Users/riabuz/Projects/_Sugar\ Maple/build/evidence/product-review-2026-10-01/DerivedData/Build/Intermediates.noindex/Sugar\ Maple.build/Debug/Sugar\ Maple-b1fd31637b825f830deb84544883a5b8-VFS/all-product-headers.yaml

WriteAuxiliaryFile /Users/riabuz/Projects/_Sugar\ Maple/build/evidence/product-review-2026-10-01/DerivedData/Build/Intermediates.noindex/Sugar\ Maple.build/Debug/Sugar\ Maple.build/Sugar\ Maple-project-headers.hmap (in target 'Sugar Maple' from project 'Sugar Maple')
    cd /Users/riabuz/Projects/_Sugar\ Maple/src/apple
    write-file /Users/riabuz/Projects/_Sugar\ Maple/build/evidence/product-review-2026-10-01/DerivedData/Build/Intermediates.noindex/Sugar\ Maple.build/Debug/Sugar\ Maple.build/Sugar\ Maple-project-headers.hmap

WriteAuxiliaryFile /Users/riabuz/Projects/_Sugar\ Maple/build/evidence/product-review-2026-10-01/DerivedData/Build/Intermediates.noindex/Sugar\ Maple.build/Debug/Sugar\ Maple.build/Sugar\ Maple.hmap (in target 'Sugar Maple' from project 'Sugar Maple')
    cd /Users/riabuz/Projects/_Sugar\ Maple/src/apple
    write-file /Users/riabuz/Projects/_Sugar\ Maple/build/evidence/product-review-2026-10-01/DerivedData/Build/Intermediates.noindex/Sugar\ Maple.build/Debug/Sugar\ Maple.build/Sugar\ Maple.hmap

WriteAuxiliaryFile /Users/riabuz/Projects/_Sugar\ Maple/build/evidence/product-review-2026-10-01/DerivedData/Build/Intermediates.noindex/Sugar\ Maple.build/Debug/Sugar\ Maple.build/Sugar\ Maple-own-target-headers.hmap (in target 'Sugar Maple' from project 'Sugar Maple')
    cd /Users/riabuz/Projects/_Sugar\ Maple/src/apple
    write-file /Users/riabuz/Projects/_Sugar\ Maple/build/evidence/product-review-2026-10-01/DerivedData/Build/Intermediates.noindex/Sugar\ Maple.build/Debug/Sugar\ Maple.build/Sugar\ Maple-own-target-headers.hmap

WriteAuxiliaryFile /Users/riabuz/Projects/_Sugar\ Maple/build/evidence/product-review-2026-10-01/DerivedData/Build/Intermediates.noindex/Sugar\ Maple.build/Debug/Sugar\ Maple.build/Sugar\ Maple.DependencyStaticMetadataFileList (in target 'Sugar Maple' from project 'Sugar Maple')
    cd /Users/riabuz/Projects/_Sugar\ Maple/src/apple
    write-file /Users/riabuz/Projects/_Sugar\ Maple/build/evidence/product-review-2026-10-01/DerivedData/Build/Intermediates.noindex/Sugar\ Maple.build/Debug/Sugar\ Maple.build/Sugar\ Maple.DependencyStaticMetadataFileList

WriteAuxiliaryFile /Users/riabuz/Projects/_Sugar\ Maple/build/evidence/product-review-2026-10-01/DerivedData/Build/Intermediates.noindex/Sugar\ Maple.build/Debug/Sugar\ Maple.build/Sugar\ Maple.DependencyMetadataFileList (in target 'Sugar Maple' from project 'Sugar Maple')
    cd /Users/riabuz/Projects/_Sugar\ Maple/src/apple
    write-file /Users/riabuz/Projects/_Sugar\ Maple/build/evidence/product-review-2026-10-01/DerivedData/Build/Intermediates.noindex/Sugar\ Maple.build/Debug/Sugar\ Maple.build/Sugar\ Maple.DependencyMetadataFileList

WriteAuxiliaryFile /Users/riabuz/Projects/_Sugar\ Maple/build/evidence/product-review-2026-10-01/DerivedData/Build/Intermediates.noindex/Sugar\ Maple.build/Debug/Sugar\ Maple.build/Sugar\ Maple-generated-files.hmap (in target 'Sugar Maple' from project 'Sugar Maple')
    cd /Users/riabuz/Projects/_Sugar\ Maple/src/apple
    write-file /Users/riabuz/Projects/_Sugar\ Maple/build/evidence/product-review-2026-10-01/DerivedData/Build/Intermediates.noindex/Sugar\ Maple.build/Debug/Sugar\ Maple.build/Sugar\ Maple-generated-files.hmap

WriteAuxiliaryFile /Users/riabuz/Projects/_Sugar\ Maple/build/evidence/product-review-2026-10-01/DerivedData/Build/Intermediates.noindex/Sugar\ Maple.build/Debug/Sugar\ Maple.build/Sugar\ Maple-all-target-headers.hmap (in target 'Sugar Maple' from project 'Sugar Maple')
    cd /Users/riabuz/Projects/_Sugar\ Maple/src/apple
    write-file /Users/riabuz/Projects/_Sugar\ Maple/build/evidence/product-review-2026-10-01/DerivedData/Build/Intermediates.noindex/Sugar\ Maple.build/Debug/Sugar\ Maple.build/Sugar\ Maple-all-target-headers.hmap

WriteAuxiliaryFile /Users/riabuz/Projects/_Sugar\ Maple/build/evidence/product-review-2026-10-01/DerivedData/Build/Intermediates.noindex/Sugar\ Maple.build/Debug/Sugar\ Maple.build/Sugar\ Maple-all-non-framework-target-headers.hmap (in target 'Sugar Maple' from project 'Sugar Maple')
    cd /Users/riabuz/Projects/_Sugar\ Maple/src/apple
    write-file /Users/riabuz/Projects/_Sugar\ Maple/build/evidence/product-review-2026-10-01/DerivedData/Build/Intermediates.noindex/Sugar\ Maple.build/Debug/Sugar\ Maple.build/Sugar\ Maple-all-non-framework-target-headers.hmap

WriteAuxiliaryFile /Users/riabuz/Projects/_Sugar\ Maple/build/evidence/product-review-2026-10-01/DerivedData/Build/Intermediates.noindex/Sugar\ Maple.build/Debug/Sugar\ Maple.build/Sugar\ Maple-DebugDylibPath-normal-arm64.txt (in target 'Sugar Maple' from project 'Sugar Maple')
    cd /Users/riabuz/Projects/_Sugar\ Maple/src/apple
    write-file /Users/riabuz/Projects/_Sugar\ Maple/build/evidence/product-review-2026-10-01/DerivedData/Build/Intermediates.noindex/Sugar\ Maple.build/Debug/Sugar\ Maple.build/Sugar\ Maple-DebugDylibPath-normal-arm64.txt

WriteAuxiliaryFile /Users/riabuz/Projects/_Sugar\ Maple/build/evidence/product-review-2026-10-01/DerivedData/Build/Intermediates.noindex/Sugar\ Maple.build/Debug/Sugar\ Maple.build/Sugar\ Maple-DebugDylibInstallName-normal-arm64.txt (in target 'Sugar Maple' from project 'Sugar Maple')
    cd /Users/riabuz/Projects/_Sugar\ Maple/src/apple
    write-file /Users/riabuz/Projects/_Sugar\ Maple/build/evidence/product-review-2026-10-01/DerivedData/Build/Intermediates.noindex/Sugar\ Maple.build/Debug/Sugar\ Maple.build/Sugar\ Maple-DebugDylibInstallName-normal-arm64.txt

WriteAuxiliaryFile /Users/riabuz/Projects/_Sugar\ Maple/build/evidence/product-review-2026-10-01/DerivedData/Build/Intermediates.noindex/Sugar\ Maple.build/Debug/Sugar\ Maple.build/Script-000000000000000150000000.sh (in target 'Sugar Maple' from project 'Sugar Maple')
    cd /Users/riabuz/Projects/_Sugar\ Maple/src/apple
    write-file /Users/riabuz/Projects/_Sugar\ Maple/build/evidence/product-review-2026-10-01/DerivedData/Build/Intermediates.noindex/Sugar\ Maple.build/Debug/Sugar\ Maple.build/Script-000000000000000150000000.sh

WriteAuxiliaryFile /Users/riabuz/Projects/_Sugar\ Maple/build/evidence/product-review-2026-10-01/DerivedData/Build/Intermediates.noindex/Sugar\ Maple.build/Debug/Sugar\ Maple.build/empty-Sugar\ Maple.plist (in target 'Sugar Maple' from project 'Sugar Maple')
    cd /Users/riabuz/Projects/_Sugar\ Maple/src/apple
    write-file /Users/riabuz/Projects/_Sugar\ Maple/build/evidence/product-review-2026-10-01/DerivedData/Build/Intermediates.noindex/Sugar\ Maple.build/Debug/Sugar\ Maple.build/empty-Sugar\ Maple.plist

WriteAuxiliaryFile /Users/riabuz/Projects/_Sugar\ Maple/build/evidence/product-review-2026-10-01/DerivedData/Build/Intermediates.noindex/Sugar\ Maple.build/Debug/Sugar\ Maple.build/Objects-normal/arm64/Sugar\ Maple-OutputFileMap.json (in target 'Sugar Maple' from project 'Sugar Maple')
    cd /Users/riabuz/Projects/_Sugar\ Maple/src/apple
    write-file /Users/riabuz/Projects/_Sugar\ Maple/build/evidence/product-review-2026-10-01/DerivedData/Build/Intermediates.noindex/Sugar\ Maple.build/Debug/Sugar\ Maple.build/Objects-normal/arm64/Sugar\ Maple-OutputFileMap.json

WriteAuxiliaryFile /Users/riabuz/Projects/_Sugar\ Maple/build/evidence/product-review-2026-10-01/DerivedData/Build/Intermediates.noindex/Sugar\ Maple.build/Debug/Sugar\ Maple.build/Objects-normal/arm64/Sugar\ Maple.LinkFileList (in target 'Sugar Maple' from project 'Sugar Maple')
    cd /Users/riabuz/Projects/_Sugar\ Maple/src/apple
    write-file /Users/riabuz/Projects/_Sugar\ Maple/build/evidence/product-review-2026-10-01/DerivedData/Build/Intermediates.noindex/Sugar\ Maple.build/Debug/Sugar\ Maple.build/Objects-normal/arm64/Sugar\ Maple.LinkFileList

WriteAuxiliaryFile /Users/riabuz/Projects/_Sugar\ Maple/build/evidence/product-review-2026-10-01/DerivedData/Build/Intermediates.noindex/Sugar\ Maple.build/Debug/Sugar\ Maple.build/Objects-normal/arm64/Sugar\ Maple.SwiftConstValuesFileList (in target 'Sugar Maple' from project 'Sugar Maple')
    cd /Users/riabuz/Projects/_Sugar\ Maple/src/apple
    write-file /Users/riabuz/Projects/_Sugar\ Maple/build/evidence/product-review-2026-10-01/DerivedData/Build/Intermediates.noindex/Sugar\ Maple.build/Debug/Sugar\ Maple.build/Objects-normal/arm64/Sugar\ Maple.SwiftConstValuesFileList

WriteAuxiliaryFile /Users/riabuz/Projects/_Sugar\ Maple/build/evidence/product-review-2026-10-01/DerivedData/Build/Intermediates.noindex/Sugar\ Maple.build/Debug/Sugar\ Maple.build/Objects-normal/arm64/Sugar\ Maple.SwiftFileList (in target 'Sugar Maple' from project 'Sugar Maple')
    cd /Users/riabuz/Projects/_Sugar\ Maple/src/apple
    write-file /Users/riabuz/Projects/_Sugar\ Maple/build/evidence/product-review-2026-10-01/DerivedData/Build/Intermediates.noindex/Sugar\ Maple.build/Debug/Sugar\ Maple.build/Objects-normal/arm64/Sugar\ Maple.SwiftFileList

WriteAuxiliaryFile /Users/riabuz/Projects/_Sugar\ Maple/build/evidence/product-review-2026-10-01/DerivedData/Build/Intermediates.noindex/Sugar\ Maple.build/Debug/Sugar\ Maple.build/Objects-normal/arm64/Sugar\ Maple_const_extract_protocols.json (in target 'Sugar Maple' from project 'Sugar Maple')
    cd /Users/riabuz/Projects/_Sugar\ Maple/src/apple
    write-file /Users/riabuz/Projects/_Sugar\ Maple/build/evidence/product-review-2026-10-01/DerivedData/Build/Intermediates.noindex/Sugar\ Maple.build/Debug/Sugar\ Maple.build/Objects-normal/arm64/Sugar\ Maple_const_extract_protocols.json

MkDir /Users/riabuz/Projects/_Sugar\ Maple/build/evidence/product-review-2026-10-01/DerivedData/Build/Products/Debug/Sugar\ Maple.app/Contents (in target 'Sugar Maple' from project 'Sugar Maple')
    cd /Users/riabuz/Projects/_Sugar\ Maple/src/apple
    /bin/mkdir -p /Users/riabuz/Projects/_Sugar\ Maple/build/evidence/product-review-2026-10-01/DerivedData/Build/Products/Debug/Sugar\ Maple.app/Contents

MkDir /Users/riabuz/Projects/_Sugar\ Maple/build/evidence/product-review-2026-10-01/DerivedData/Build/Products/Debug/Sugar\ Maple.app (in target 'Sugar Maple' from project 'Sugar Maple')
    cd /Users/riabuz/Projects/_Sugar\ Maple/src/apple
    /bin/mkdir -p /Users/riabuz/Projects/_Sugar\ Maple/build/evidence/product-review-2026-10-01/DerivedData/Build/Products/Debug/Sugar\ Maple.app

MkDir /Users/riabuz/Projects/_Sugar\ Maple/build/evidence/product-review-2026-10-01/DerivedData/Build/Products/Debug/Sugar\ Maple.app/Contents/Resources (in target 'Sugar Maple' from project 'Sugar Maple')
    cd /Users/riabuz/Projects/_Sugar\ Maple/src/apple
    /bin/mkdir -p /Users/riabuz/Projects/_Sugar\ Maple/build/evidence/product-review-2026-10-01/DerivedData/Build/Products/Debug/Sugar\ Maple.app/Contents/Resources

MkDir /Users/riabuz/Projects/_Sugar\ Maple/build/evidence/product-review-2026-10-01/DerivedData/Build/Products/Debug/Sugar\ Maple.app/Contents/MacOS (in target 'Sugar Maple' from project 'Sugar Maple')
    cd /Users/riabuz/Projects/_Sugar\ Maple/src/apple
    /bin/mkdir -p /Users/riabuz/Projects/_Sugar\ Maple/build/evidence/product-review-2026-10-01/DerivedData/Build/Products/Debug/Sugar\ Maple.app/Contents/MacOS

Ld /Users/riabuz/Projects/_Sugar\ Maple/build/evidence/product-review-2026-10-01/DerivedData/Build/Products/Debug/Sugar\ Maple.app/Contents/MacOS/__preview.dylib normal (in target 'Sugar Maple' from project 'Sugar Maple')
    cd /Users/riabuz/Projects/_Sugar\ Maple/src/apple
    /Applications/Xcode.app/Contents/Developer/Toolchains/XcodeDefault.xctoolchain/usr/bin/clang -Xlinker -reproducible -target arm64-apple-macos15.0 -dynamiclib -isysroot /Applications/Xcode.app/Contents/Developer/Platforms/MacOSX.platform/Developer/SDKs/MacOSX27.0.sdk -O0 -Xlinker -no_warn_duplicate_libraries -L/Users/riabuz/Projects/_Sugar\ Maple/build/evidence/product-review-2026-10-01/DerivedData/Build/Products/Debug -F/Users/riabuz/Projects/_Sugar\ Maple/build/evidence/product-review-2026-10-01/DerivedData/Build/Products/Debug -install_name @rpath/Sugar\ Maple.debug.dylib -Xlinker -dead_strip -rdynamic -Xlinker -no_deduplicate -Xlinker -dependency_info -Xlinker /Users/riabuz/Projects/_Sugar\ Maple/build/evidence/product-review-2026-10-01/DerivedData/Build/Intermediates.noindex/Sugar\ Maple.build/Debug/Sugar\ Maple.build/Objects-normal/arm64/Sugar\ Maple_dependency_info.dat -o /Users/riabuz/Projects/_Sugar\ Maple/build/evidence/product-review-2026-10-01/DerivedData/Build/Products/Debug/Sugar\ Maple.app/Contents/MacOS/__preview.dylib

MkDir /Users/riabuz/Projects/_Sugar\ Maple/build/evidence/product-review-2026-10-01/DerivedData/Build/Intermediates.noindex/Sugar\ Maple.build/Debug/Sugar\ Maple.build/assetcatalog_output/thinned (in target 'Sugar Maple' from project 'Sugar Maple')
    cd /Users/riabuz/Projects/_Sugar\ Maple/src/apple
    /bin/mkdir -p /Users/riabuz/Projects/_Sugar\ Maple/build/evidence/product-review-2026-10-01/DerivedData/Build/Intermediates.noindex/Sugar\ Maple.build/Debug/Sugar\ Maple.build/assetcatalog_output/thinned

MkDir /Users/riabuz/Projects/_Sugar\ Maple/build/evidence/product-review-2026-10-01/DerivedData/Build/Intermediates.noindex/Sugar\ Maple.build/Debug/Sugar\ Maple.build/assetcatalog_output/unthinned (in target 'Sugar Maple' from project 'Sugar Maple')
    cd /Users/riabuz/Projects/_Sugar\ Maple/src/apple
    /bin/mkdir -p /Users/riabuz/Projects/_Sugar\ Maple/build/evidence/product-review-2026-10-01/DerivedData/Build/Intermediates.noindex/Sugar\ Maple.build/Debug/Sugar\ Maple.build/assetcatalog_output/unthinned

GenerateAssetSymbols /Users/riabuz/Projects/_Sugar\ Maple/src/apple/Sugar\ Maple/Assets.xcassets (in target 'Sugar Maple' from project 'Sugar Maple')
    cd /Users/riabuz/Projects/_Sugar\ Maple/src/apple
    /Applications/Xcode.app/Contents/Developer/usr/bin/actool /Users/riabuz/Projects/_Sugar\ Maple/src/apple/Sugar\ Maple/Assets.xcassets --compile /Users/riabuz/Projects/_Sugar\ Maple/build/evidence/product-review-2026-10-01/DerivedData/Build/Products/Debug/Sugar\ Maple.app/Contents/Resources --output-format human-readable-text --notices --warnings --export-dependency-info /Users/riabuz/Projects/_Sugar\ Maple/build/evidence/product-review-2026-10-01/DerivedData/Build/Intermediates.noindex/Sugar\ Maple.build/Debug/Sugar\ Maple.build/assetcatalog_dependencies --output-partial-info-plist /Users/riabuz/Projects/_Sugar\ Maple/build/evidence/product-review-2026-10-01/DerivedData/Build/Intermediates.noindex/Sugar\ Maple.build/Debug/Sugar\ Maple.build/assetcatalog_generated_info.plist --enable-on-demand-resources NO --development-region en --target-device mac --minimum-deployment-target 15.0 --platform macosx --bundle-identifier io.zubair.SugarMaple --generate-swift-asset-symbols /Users/riabuz/Projects/_Sugar\ Maple/build/evidence/product-review-2026-10-01/DerivedData/Build/Intermediates.noindex/Sugar\ Maple.build/Debug/Sugar\ Maple.build/DerivedSources/GeneratedAssetSymbols.swift --generate-objc-asset-symbols /Users/riabuz/Projects/_Sugar\ Maple/build/evidence/product-review-2026-10-01/DerivedData/Build/Intermediates.noindex/Sugar\ Maple.build/Debug/Sugar\ Maple.build/DerivedSources/GeneratedAssetSymbols.h --generate-asset-symbol-index /Users/riabuz/Projects/_Sugar\ Maple/build/evidence/product-review-2026-10-01/DerivedData/Build/Intermediates.noindex/Sugar\ Maple.build/Debug/Sugar\ Maple.build/DerivedSources/GeneratedAssetSymbols-Index.plist
/* com.apple.actool.compilation-results */
/Users/riabuz/Projects/_Sugar Maple/build/evidence/product-review-2026-10-01/DerivedData/Build/Intermediates.noindex/Sugar Maple.build/Debug/Sugar Maple.build/DerivedSources/GeneratedAssetSymbols-Index.plist
/Users/riabuz/Projects/_Sugar Maple/build/evidence/product-review-2026-10-01/DerivedData/Build/Intermediates.noindex/Sugar Maple.build/Debug/Sugar Maple.build/DerivedSources/GeneratedAssetSymbols.h
/Users/riabuz/Projects/_Sugar Maple/build/evidence/product-review-2026-10-01/DerivedData/Build/Intermediates.noindex/Sugar Maple.build/Debug/Sugar Maple.build/DerivedSources/GeneratedAssetSymbols.swift


CompileAssetCatalogVariant thinned /Users/riabuz/Projects/_Sugar\ Maple/build/evidence/product-review-2026-10-01/DerivedData/Build/Products/Debug/Sugar\ Maple.app/Contents/Resources /Users/riabuz/Projects/_Sugar\ Maple/src/apple/Sugar\ Maple/Assets.xcassets (in target 'Sugar Maple' from project 'Sugar Maple')
    cd /Users/riabuz/Projects/_Sugar\ Maple/src/apple
    /Applications/Xcode.app/Contents/Developer/usr/bin/actool /Users/riabuz/Projects/_Sugar\ Maple/src/apple/Sugar\ Maple/Assets.xcassets --compile /Users/riabuz/Projects/_Sugar\ Maple/build/evidence/product-review-2026-10-01/DerivedData/Build/Intermediates.noindex/Sugar\ Maple.build/Debug/Sugar\ Maple.build/assetcatalog_output/thinned --output-format human-readable-text --notices --warnings --export-dependency-info /Users/riabuz/Projects/_Sugar\ Maple/build/evidence/product-review-2026-10-01/DerivedData/Build/Intermediates.noindex/Sugar\ Maple.build/Debug/Sugar\ Maple.build/assetcatalog_dependencies_thinned --output-partial-info-plist /Users/riabuz/Projects/_Sugar\ Maple/build/evidence/product-review-2026-10-01/DerivedData/Build/Intermediates.noindex/Sugar\ Maple.build/Debug/Sugar\ Maple.build/assetcatalog_generated_info.plist_thinned --enable-on-demand-resources NO --development-region en --target-device mac --minimum-deployment-target 15.0 --platform macosx
/* com.apple.actool.compilation-results */
/Users/riabuz/Projects/_Sugar Maple/build/evidence/product-review-2026-10-01/DerivedData/Build/Intermediates.noindex/Sugar Maple.build/Debug/Sugar Maple.build/assetcatalog_generated_info.plist_thinned


LinkAssetCatalog /Users/riabuz/Projects/_Sugar\ Maple/src/apple/Sugar\ Maple/Assets.xcassets (in target 'Sugar Maple' from project 'Sugar Maple')
    cd /Users/riabuz/Projects/_Sugar\ Maple/src/apple
    builtin-linkAssetCatalog --thinned /Users/riabuz/Projects/_Sugar\ Maple/build/evidence/product-review-2026-10-01/DerivedData/Build/Intermediates.noindex/Sugar\ Maple.build/Debug/Sugar\ Maple.build/assetcatalog_output/thinned --thinned-dependencies /Users/riabuz/Projects/_Sugar\ Maple/build/evidence/product-review-2026-10-01/DerivedData/Build/Intermediates.noindex/Sugar\ Maple.build/Debug/Sugar\ Maple.build/assetcatalog_dependencies_thinned --thinned-info-plist-content /Users/riabuz/Projects/_Sugar\ Maple/build/evidence/product-review-2026-10-01/DerivedData/Build/Intermediates.noindex/Sugar\ Maple.build/Debug/Sugar\ Maple.build/assetcatalog_generated_info.plist_thinned --unthinned /Users/riabuz/Projects/_Sugar\ Maple/build/evidence/product-review-2026-10-01/DerivedData/Build/Intermediates.noindex/Sugar\ Maple.build/Debug/Sugar\ Maple.build/assetcatalog_output/unthinned --unthinned-dependencies /Users/riabuz/Projects/_Sugar\ Maple/build/evidence/product-review-2026-10-01/DerivedData/Build/Intermediates.noindex/Sugar\ Maple.build/Debug/Sugar\ Maple.build/assetcatalog_dependencies_unthinned --unthinned-info-plist-content /Users/riabuz/Projects/_Sugar\ Maple/build/evidence/product-review-2026-10-01/DerivedData/Build/Intermediates.noindex/Sugar\ Maple.build/Debug/Sugar\ Maple.build/assetcatalog_generated_info.plist_unthinned --output /Users/riabuz/Projects/_Sugar\ Maple/build/evidence/product-review-2026-10-01/DerivedData/Build/Products/Debug/Sugar\ Maple.app/Contents/Resources --plist-output /Users/riabuz/Projects/_Sugar\ Maple/build/evidence/product-review-2026-10-01/DerivedData/Build/Intermediates.noindex/Sugar\ Maple.build/Debug/Sugar\ Maple.build/assetcatalog_generated_info.plist

ProcessInfoPlistFile /Users/riabuz/Projects/_Sugar\ Maple/build/evidence/product-review-2026-10-01/DerivedData/Build/Products/Debug/Sugar\ Maple.app/Contents/Info.plist /Users/riabuz/Projects/_Sugar\ Maple/build/evidence/product-review-2026-10-01/DerivedData/Build/Intermediates.noindex/Sugar\ Maple.build/Debug/Sugar\ Maple.build/empty-Sugar\ Maple.plist (in target 'Sugar Maple' from project 'Sugar Maple')
    cd /Users/riabuz/Projects/_Sugar\ Maple/src/apple
    builtin-infoPlistUtility /Users/riabuz/Projects/_Sugar\ Maple/build/evidence/product-review-2026-10-01/DerivedData/Build/Intermediates.noindex/Sugar\ Maple.build/Debug/Sugar\ Maple.build/empty-Sugar\ Maple.plist -producttype com.apple.product-type.application -genpkginfo /Users/riabuz/Projects/_Sugar\ Maple/build/evidence/product-review-2026-10-01/DerivedData/Build/Products/Debug/Sugar\ Maple.app/Contents/PkgInfo -expandbuildsettings -platform macosx -additionalcontentfile /Users/riabuz/Projects/_Sugar\ Maple/build/evidence/product-review-2026-10-01/DerivedData/Build/Intermediates.noindex/Sugar\ Maple.build/Debug/Sugar\ Maple.build/assetcatalog_generated_info.plist -o /Users/riabuz/Projects/_Sugar\ Maple/build/evidence/product-review-2026-10-01/DerivedData/Build/Products/Debug/Sugar\ Maple.app/Contents/Info.plist

SwiftDriver Sugar\ Maple normal arm64 com.apple.xcode.tools.swift.compiler (in target 'Sugar Maple' from project 'Sugar Maple')
    cd /Users/riabuz/Projects/_Sugar\ Maple/src/apple
    builtin-SwiftDriver -- /Applications/Xcode.app/Contents/Developer/Toolchains/XcodeDefault.xctoolchain/usr/bin/swiftc -module-name Sugar_Maple -Onone @/Users/riabuz/Projects/_Sugar\ Maple/build/evidence/product-review-2026-10-01/DerivedData/Build/Intermediates.noindex/Sugar\ Maple.build/Debug/Sugar\ Maple.build/Objects-normal/arm64/Sugar\ Maple.SwiftFileList -DDEBUG -enable-bare-slash-regex -enable-upcoming-feature DisableOutwardActorInference -enable-upcoming-feature InferSendableFromCaptures -enable-upcoming-feature GlobalActorIsolatedTypesUsability -enable-upcoming-feature MemberImportVisibility -enable-upcoming-feature InferIsolatedConformances -enable-upcoming-feature NonisolatedNonsendingByDefault -enable-experimental-feature DebugDescriptionMacro -sdk /Applications/Xcode.app/Contents/Developer/Platforms/MacOSX.platform/Developer/SDKs/MacOSX27.0.sdk -target arm64-apple-macos15.0 -g -module-cache-path /Users/riabuz/Projects/_Sugar\ Maple/build/evidence/product-review-2026-10-01/DerivedData/ModuleCache.noindex -Xfrontend -serialize-debugging-options -enable-testing -index-store-path /Users/riabuz/Projects/_Sugar\ Maple/build/evidence/product-review-2026-10-01/DerivedData/Index.noindex/DataStore -Xcc -D_LIBCPP_HARDENING_MODE\=_LIBCPP_HARDENING_MODE_DEBUG -swift-version 5 -I /Users/riabuz/Projects/_Sugar\ Maple/build/evidence/product-review-2026-10-01/DerivedData/Build/Products/Debug -F /Users/riabuz/Projects/_Sugar\ Maple/build/evidence/product-review-2026-10-01/DerivedData/Build/Products/Debug -emit-localized-strings -emit-localized-strings-path /Users/riabuz/Projects/_Sugar\ Maple/build/evidence/product-review-2026-10-01/DerivedData/Build/Intermediates.noindex/Sugar\ Maple.build/Debug/Sugar\ Maple.build/Objects-normal/arm64 -c -j18 -enable-batch-mode -incremental -Xcc -ivfsstatcache -Xcc /Users/riabuz/Projects/_Sugar\ Maple/build/evidence/product-review-2026-10-01/DerivedData/SDKStatCaches.noindex/macosx27.0-26A425-7231f6df4def33e022ae2eb8f782df1a.sdkstatcache -output-file-map /Users/riabuz/Projects/_Sugar\ Maple/build/evidence/product-review-2026-10-01/DerivedData/Build/Intermediates.noindex/Sugar\ Maple.build/Debug/Sugar\ Maple.build/Objects-normal/arm64/Sugar\ Maple-OutputFileMap.json -save-temps -no-color-diagnostics -explicit-module-build -module-cache-path /Users/riabuz/Projects/_Sugar\ Maple/build/evidence/product-review-2026-10-01/DerivedData/Build/Intermediates.noindex/SwiftExplicitPrecompiledModules -clang-scanner-module-cache-path /Users/riabuz/Projects/_Sugar\ Maple/build/evidence/product-review-2026-10-01/DerivedData/ModuleCache.noindex -sdk-module-cache-path /Users/riabuz/Projects/_Sugar\ Maple/build/evidence/product-review-2026-10-01/DerivedData/SDKExplicitPrecompiledModules -emit-dependencies -emit-module -emit-module-path /Users/riabuz/Projects/_Sugar\ Maple/build/evidence/product-review-2026-10-01/DerivedData/Build/Intermediates.noindex/Sugar\ Maple.build/Debug/Sugar\ Maple.build/Objects-normal/arm64/Sugar_Maple.swiftmodule -serialize-diagnostics -dependency-scan-serialize-diagnostics-path /Users/riabuz/Projects/_Sugar\ Maple/build/evidence/product-review-2026-10-01/DerivedData/Build/Intermediates.noindex/Sugar\ Maple.build/Debug/Sugar\ Maple.build/Objects-normal/arm64/Sugar_Maple-dependency-scan.dia -validate-clang-modules-once -clang-build-session-file /Users/riabuz/Projects/_Sugar\ Maple/build/evidence/product-review-2026-10-01/DerivedData/ModuleCache.noindex/Session.modulevalidation -Xcc -fmodules-prune-interval\=86400 -Xcc -fmodules-prune-after\=345600 -emit-const-values -const-gather-protocols-list /Users/riabuz/Projects/_Sugar\ Maple/build/evidence/product-review-2026-10-01/DerivedData/Build/Intermediates.noindex/Sugar\ Maple.build/Debug/Sugar\ Maple.build/Objects-normal/arm64/Sugar\ Maple_const_extract_protocols.json -Xcc -iquote -Xcc /Users/riabuz/Projects/_Sugar\ Maple/build/evidence/product-review-2026-10-01/DerivedData/Build/Intermediates.noindex/Sugar\ Maple.build/Debug/Sugar\ Maple.build/Sugar\ Maple-generated-files.hmap -Xcc -I/Users/riabuz/Projects/_Sugar\ Maple/build/evidence/product-review-2026-10-01/DerivedData/Build/Intermediates.noindex/Sugar\ Maple.build/Debug/Sugar\ Maple.build/Sugar\ Maple-own-target-headers.hmap -Xcc -I/Users/riabuz/Projects/_Sugar\ Maple/build/evidence/product-review-2026-10-01/DerivedData/Build/Intermediates.noindex/Sugar\ Maple.build/Debug/Sugar\ Maple.build/Sugar\ Maple-all-target-headers.hmap -Xcc -iquote -Xcc /Users/riabuz/Projects/_Sugar\ Maple/build/evidence/product-review-2026-10-01/DerivedData/Build/Intermediates.noindex/Sugar\ Maple.build/Debug/Sugar\ Maple.build/Sugar\ Maple-project-headers.hmap -Xcc -I/Users/riabuz/Projects/_Sugar\ Maple/build/evidence/product-review-2026-10-01/DerivedData/Build/Products/Debug/include -Xcc -I/Users/riabuz/Projects/_Sugar\ Maple/build/evidence/product-review-2026-10-01/DerivedData/Build/Intermediates.noindex/Sugar\ Maple.build/Debug/Sugar\ Maple.build/DerivedSources-normal/arm64 -Xcc -I/Users/riabuz/Projects/_Sugar\ Maple/build/evidence/product-review-2026-10-01/DerivedData/Build/Intermediates.noindex/Sugar\ Maple.build/Debug/Sugar\ Maple.build/DerivedSources/arm64 -Xcc -I/Users/riabuz/Projects/_Sugar\ Maple/build/evidence/product-review-2026-10-01/DerivedData/Build/Intermediates.noindex/Sugar\ Maple.build/Debug/Sugar\ Maple.build/DerivedSources -Xcc -DDEBUG\=1 -emit-objc-header -emit-objc-header-path /Users/riabuz/Projects/_Sugar\ Maple/build/evidence/product-review-2026-10-01/DerivedData/Build/Intermediates.noindex/Sugar\ Maple.build/Debug/Sugar\ Maple.build/Objects-normal/arm64/Sugar_Maple-Swift.h -working-directory /Users/riabuz/Projects/_Sugar\ Maple/src/apple -experimental-emit-module-separately -disable-cmo

SwiftExplicitDependencyGeneratePcm arm64 /Users/riabuz/Projects/_Sugar\ Maple/build/evidence/product-review-2026-10-01/DerivedData/SDKExplicitPrecompiledModules/_Builtin_stdbool-QTP1HAGMLS4SZZFQUX4SL0QO.pcm

SwiftExplicitDependencyGeneratePcm arm64 /Users/riabuz/Projects/_Sugar\ Maple/build/evidence/product-review-2026-10-01/DerivedData/SDKExplicitPrecompiledModules/ptrauth-2C9CJS2DO8ADR79XXAEYQ46ZT.pcm

SwiftExplicitDependencyGeneratePcm arm64 /Users/riabuz/Projects/_Sugar\ Maple/build/evidence/product-review-2026-10-01/DerivedData/SDKExplicitPrecompiledModules/ptrcheck-BZAFA8N58GXBIVYFPYIFMPNSE.pcm

SwiftExplicitDependencyGeneratePcm arm64 /Users/riabuz/Projects/_Sugar\ Maple/build/evidence/product-review-2026-10-01/DerivedData/SDKExplicitPrecompiledModules/_AvailabilityInternal-ALHWZ2IONWI4XYJE56I0WOB42.pcm

SwiftExplicitDependencyGeneratePcm arm64 /Users/riabuz/Projects/_Sugar\ Maple/build/evidence/product-review-2026-10-01/DerivedData/SDKExplicitPrecompiledModules/_Builtin_float-8PVYDCRR8ZS1IQ8EWDOP28NXX.pcm

SwiftExplicitDependencyGeneratePcm arm64 /Users/riabuz/Projects/_Sugar\ Maple/build/evidence/product-review-2026-10-01/DerivedData/SDKExplicitPrecompiledModules/_Builtin_stddef-9X8FBHAQXKA3LGSHGSLX2IWYM.pcm

SwiftExplicitDependencyGeneratePcm arm64 /Users/riabuz/Projects/_Sugar\ Maple/build/evidence/product-review-2026-10-01/DerivedData/SDKExplicitPrecompiledModules/_Builtin_stdarg-TLTKP1UUYHT4AS7OHVKVWWW9.pcm

SwiftExplicitDependencyGeneratePcm arm64 /Users/riabuz/Projects/_Sugar\ Maple/build/evidence/product-review-2026-10-01/DerivedData/SDKExplicitPrecompiledModules/_SwiftConcurrencyShims-7J8ULCTCD24L4FDPNCPVRP8ZW.pcm

SwiftExplicitDependencyGeneratePcm arm64 /Users/riabuz/Projects/_Sugar\ Maple/build/evidence/product-review-2026-10-01/DerivedData/SDKExplicitPrecompiledModules/SwiftShims-330E7ER6MH6P6VBPEVEQYKHD.pcm

SwiftExplicitDependencyGeneratePcm arm64 /Users/riabuz/Projects/_Sugar\ Maple/build/evidence/product-review-2026-10-01/DerivedData/SDKExplicitPrecompiledModules/DeveloperToolsSupport-80JI817BNGH795PQWWOCPDC4Y.pcm

SwiftExplicitDependencyGeneratePcm arm64 /Users/riabuz/Projects/_Sugar\ Maple/build/evidence/product-review-2026-10-01/DerivedData/SDKExplicitPrecompiledModules/_DarwinFoundation1-EF3QPXNUIOAQ8XWMDVYCIKMH1.pcm

SwiftExplicitDependencyGeneratePcm arm64 /Users/riabuz/Projects/_Sugar\ Maple/build/evidence/product-review-2026-10-01/DerivedData/SDKExplicitPrecompiledModules/_Builtin_limits-CU0NVQDP1NOBPR5T0SCTGFWKY.pcm

SwiftExplicitDependencyGeneratePcm arm64 /Users/riabuz/Projects/_Sugar\ Maple/build/evidence/product-review-2026-10-01/DerivedData/SDKExplicitPrecompiledModules/_DarwinFoundation2-1E9ZFED4C4B6CR6NPTRIVUWYH.pcm

SwiftExplicitDependencyGeneratePcm arm64 /Users/riabuz/Projects/_Sugar\ Maple/build/evidence/product-review-2026-10-01/DerivedData/SDKExplicitPrecompiledModules/sys_types-6JCS7WOIEB1LYN0Y5U8WH3418.pcm

SwiftExplicitDependencyGeneratePcm arm64 /Users/riabuz/Projects/_Sugar\ Maple/build/evidence/product-review-2026-10-01/DerivedData/SDKExplicitPrecompiledModules/_Builtin_tgmath-1MD4K0XDM1ZQVGWDD7ASU6GMD.pcm

SwiftExplicitDependencyGeneratePcm arm64 /Users/riabuz/Projects/_Sugar\ Maple/build/evidence/product-review-2026-10-01/DerivedData/SDKExplicitPrecompiledModules/string_h-AM3Y0LWBPYVO1NTNEKC3J2EV8.pcm

SwiftExplicitDependencyGeneratePcm arm64 /Users/riabuz/Projects/_Sugar\ Maple/build/evidence/product-review-2026-10-01/DerivedData/SDKExplicitPrecompiledModules/_Builtin_stdint-8KSJ827MBZ1JUBMM0DS9JZUR0.pcm

SwiftExplicitDependencyGeneratePcm arm64 /Users/riabuz/Projects/_Sugar\ Maple/build/evidence/product-review-2026-10-01/DerivedData/SDKExplicitPrecompiledModules/_Builtin_stdatomic-928L2L7XGAC2OIPQTPUNQENE2.pcm

SwiftExplicitDependencyGeneratePcm arm64 /Users/riabuz/Projects/_Sugar\ Maple/build/evidence/product-review-2026-10-01/DerivedData/SDKExplicitPrecompiledModules/_DarwinFoundation3-2PZMXNWPH7CF20CVNGS04MM8Q.pcm

SwiftExplicitDependencyGeneratePcm arm64 /Users/riabuz/Projects/_Sugar\ Maple/build/evidence/product-review-2026-10-01/DerivedData/SDKExplicitPrecompiledModules/_Builtin_intrinsics-5VOWXE4PNUBCU3IZM5KZT5R9D.pcm

SwiftExplicitDependencyGeneratePcm arm64 /Users/riabuz/Projects/_Sugar\ Maple/build/evidence/product-review-2026-10-01/DerivedData/SDKExplicitPrecompiledModules/libDER-EH3NF3QUWBVT0J4RJJ1DQTISV.pcm

SwiftExplicitDependencyGeneratePcm arm64 /Users/riabuz/Projects/_Sugar\ Maple/build/evidence/product-review-2026-10-01/DerivedData/SDKExplicitPrecompiledModules/_Builtin_inttypes-3TU8RQOR91XJL74FSVOK56TS2.pcm

SwiftExplicitDependencyGeneratePcm arm64 /Users/riabuz/Projects/_Sugar\ Maple/build/evidence/product-review-2026-10-01/DerivedData/SDKExplicitPrecompiledModules/Darwin-84W0XC8Y4E087RNNHCHJVAMKO.pcm

SwiftExplicitDependencyGeneratePcm arm64 /Users/riabuz/Projects/_Sugar\ Maple/build/evidence/product-review-2026-10-01/DerivedData/SDKExplicitPrecompiledModules/simd-7NKBQ9A78KIKO5TZGZMK93434.pcm

SwiftExplicitDependencyGeneratePcm arm64 /Users/riabuz/Projects/_Sugar\ Maple/build/evidence/product-review-2026-10-01/DerivedData/SDKExplicitPrecompiledModules/launch-EB3DBAL6JND3A48PSRHWR0OHH.pcm

SwiftExplicitDependencyGeneratePcm arm64 /Users/riabuz/Projects/_Sugar\ Maple/build/evidence/product-review-2026-10-01/DerivedData/SDKExplicitPrecompiledModules/MachO-CPDXFOAX749OWYZWJUDAGRSGX.pcm

SwiftExplicitDependencyGeneratePcm arm64 /Users/riabuz/Projects/_Sugar\ Maple/build/evidence/product-review-2026-10-01/DerivedData/SDKExplicitPrecompiledModules/libkern-4QCOXXQRBWTWRQTKPSBSDYJSK.pcm

SwiftExplicitDependencyGeneratePcm arm64 /Users/riabuz/Projects/_Sugar\ Maple/build/evidence/product-review-2026-10-01/DerivedData/SDKExplicitPrecompiledModules/CUPS-EKSDOS6Z5YAPQ4WXX7TSF70DI.pcm

SwiftExplicitDependencyGeneratePcm arm64 /Users/riabuz/Projects/_Sugar\ Maple/build/evidence/product-review-2026-10-01/DerivedData/SDKExplicitPrecompiledModules/Spatial-5RY34EUHBYUPFOUG44SHIWD85.pcm

SwiftExplicitDependencyGeneratePcm arm64 /Users/riabuz/Projects/_Sugar\ Maple/build/evidence/product-review-2026-10-01/DerivedData/SDKExplicitPrecompiledModules/ObjectiveC-B97U5AIAMFPR0JV04Y3YO9R2Y.pcm

SwiftExplicitDependencyGeneratePcm arm64 /Users/riabuz/Projects/_Sugar\ Maple/build/evidence/product-review-2026-10-01/DerivedData/SDKExplicitPrecompiledModules/os_object-1NPC07TDKYJ8C95FVEZTG9FX9.pcm

SwiftExplicitDependencyGeneratePcm arm64 /Users/riabuz/Projects/_Sugar\ Maple/build/evidence/product-review-2026-10-01/DerivedData/SDKExplicitPrecompiledModules/os_workgroup-EKSRFEP0861T5F1CLJT3JPSKB.pcm

SwiftExplicitDependencyGeneratePcm arm64 /Users/riabuz/Projects/_Sugar\ Maple/build/evidence/product-review-2026-10-01/DerivedData/SDKExplicitPrecompiledModules/Dispatch-7E5RHX3UZVVFJYNKSKYW6MTDF.pcm

SwiftExplicitDependencyGeneratePcm arm64 /Users/riabuz/Projects/_Sugar\ Maple/build/evidence/product-review-2026-10-01/DerivedData/SDKExplicitPrecompiledModules/dnssd-43AXEO6PYQPFU4HW2P8FEQ44B.pcm

SwiftExplicitDependencyGeneratePcm arm64 /Users/riabuz/Projects/_Sugar\ Maple/build/evidence/product-review-2026-10-01/DerivedData/SDKExplicitPrecompiledModules/XPC-1V44FYB0KGSD6A215G7AFTDS7.pcm

SwiftExplicitDependencyGeneratePcm arm64 /Users/riabuz/Projects/_Sugar\ Maple/build/evidence/product-review-2026-10-01/DerivedData/SDKExplicitPrecompiledModules/CoreFoundation-9CYR1947BKO5B04UZO1K120PV.pcm

SwiftExplicitDependencyGeneratePcm arm64 /Users/riabuz/Projects/_Sugar\ Maple/build/evidence/product-review-2026-10-01/DerivedData/SDKExplicitPrecompiledModules/os-4WVG3JJ8T6AQY31E7ODGC7AP0.pcm

SwiftExplicitDependencyGeneratePcm arm64 /Users/riabuz/Projects/_Sugar\ Maple/build/evidence/product-review-2026-10-01/DerivedData/SDKExplicitPrecompiledModules/CoreAudioTypes-9M8DUQZL4HCMTP9AOGIP1P8Z.pcm

SwiftExplicitDependencyGeneratePcm arm64 /Users/riabuz/Projects/_Sugar\ Maple/build/evidence/product-review-2026-10-01/DerivedData/SDKExplicitPrecompiledModules/Security-AUVCEVJX4EQLUKQRSE4DB2FOJ.pcm

SwiftExplicitDependencyGeneratePcm arm64 /Users/riabuz/Projects/_Sugar\ Maple/build/evidence/product-review-2026-10-01/DerivedData/SDKExplicitPrecompiledModules/CFNetwork-F457NVR2LYFNE9Y254N8W06SQ.pcm

SwiftExplicitDependencyGeneratePcm arm64 /Users/riabuz/Projects/_Sugar\ Maple/build/evidence/product-review-2026-10-01/DerivedData/SDKExplicitPrecompiledModules/IOKit-58YT7B2YRAO37858EI4I2SANV.pcm

SwiftExplicitDependencyGeneratePcm arm64 /Users/riabuz/Projects/_Sugar\ Maple/build/evidence/product-review-2026-10-01/DerivedData/SDKExplicitPrecompiledModules/ColorSync-9SOP58BONUTS2DNKE3WF4FEAG.pcm

SwiftExplicitDependencyGeneratePcm arm64 /Users/riabuz/Projects/_Sugar\ Maple/build/evidence/product-review-2026-10-01/DerivedData/SDKExplicitPrecompiledModules/DiskArbitration-B9QXQ3ER85RV1ANAWXP06CIXS.pcm

SwiftExplicitDependencyGeneratePcm arm64 /Users/riabuz/Projects/_Sugar\ Maple/build/evidence/product-review-2026-10-01/DerivedData/SDKExplicitPrecompiledModules/CoreGraphics-CY91QK1690XX898Y23DFM3XN3.pcm

SwiftExplicitDependencyGeneratePcm arm64 /Users/riabuz/Projects/_Sugar\ Maple/build/evidence/product-review-2026-10-01/DerivedData/SDKExplicitPrecompiledModules/CoreServices-4PEIYACT8EBCAJ0VLBGFUHHBD.pcm

SwiftExplicitDependencyGeneratePcm arm64 /Users/riabuz/Projects/_Sugar\ Maple/build/evidence/product-review-2026-10-01/DerivedData/SDKExplicitPrecompiledModules/ImageIO-73FS9DD6EMOG2077KCFY95I2B.pcm

SwiftExplicitDependencyGeneratePcm arm64 /Users/riabuz/Projects/_Sugar\ Maple/build/evidence/product-review-2026-10-01/DerivedData/SDKExplicitPrecompiledModules/CoreText-3OJIF5BUXNLL3NJBVFQYYHUC9.pcm

SwiftExplicitDependencyGeneratePcm arm64 /Users/riabuz/Projects/_Sugar\ Maple/build/evidence/product-review-2026-10-01/DerivedData/SDKExplicitPrecompiledModules/Foundation-ACEXD55BTFVHRJA1D9Y2GCQ4A.pcm

SwiftExplicitDependencyGeneratePcm arm64 /Users/riabuz/Projects/_Sugar\ Maple/build/evidence/product-review-2026-10-01/DerivedData/SDKExplicitPrecompiledModules/CoreTransferable-4C46FQ8FJBGSF80W31S1PWQIO.pcm

SwiftExplicitDependencyGeneratePcm arm64 /Users/riabuz/Projects/_Sugar\ Maple/build/evidence/product-review-2026-10-01/DerivedData/SDKExplicitPrecompiledModules/Symbols-BWOBUFOB89MQ24ELNLFAGB9UM.pcm

SwiftExplicitDependencyGeneratePcm arm64 /Users/riabuz/Projects/_Sugar\ Maple/build/evidence/product-review-2026-10-01/DerivedData/SDKExplicitPrecompiledModules/Accessibility-6MALAW5KDL8HLNN8H7JK9SHBQ.pcm

SwiftExplicitDependencyGeneratePcm arm64 /Users/riabuz/Projects/_Sugar\ Maple/build/evidence/product-review-2026-10-01/DerivedData/SDKExplicitPrecompiledModules/JavaScriptCore-ERT0IIMRM017SG0O3J1WIW3HZ.pcm

SwiftExplicitDependencyGeneratePcm arm64 /Users/riabuz/Projects/_Sugar\ Maple/build/evidence/product-review-2026-10-01/DerivedData/SDKExplicitPrecompiledModules/ApplicationServices-84UWAFWK547BRWO53S6E9CBKL.pcm

SwiftExplicitDependencyGeneratePcm arm64 /Users/riabuz/Projects/_Sugar\ Maple/build/evidence/product-review-2026-10-01/DerivedData/SDKExplicitPrecompiledModules/CoreData-1RFUVBCRDGXAZ1LG05414KO10.pcm

SwiftExplicitDependencyGeneratePcm arm64 /Users/riabuz/Projects/_Sugar\ Maple/build/evidence/product-review-2026-10-01/DerivedData/SDKExplicitPrecompiledModules/DataDetection-D69P89F2UFY9O8YF3GN1M5777.pcm

SwiftExplicitDependencyGeneratePcm arm64 /Users/riabuz/Projects/_Sugar\ Maple/build/evidence/product-review-2026-10-01/DerivedData/SDKExplicitPrecompiledModules/IOSurface-4LDOU3VX852USU2GX3EU5MP8L.pcm

SwiftExplicitDependencyGeneratePcm arm64 /Users/riabuz/Projects/_Sugar\ Maple/build/evidence/product-review-2026-10-01/DerivedData/SDKExplicitPrecompiledModules/LocalAuthentication-79NBTFUY5TT1BPNRQ2NFEILQ5.pcm

SwiftExplicitDependencyGeneratePcm arm64 /Users/riabuz/Projects/_Sugar\ Maple/build/evidence/product-review-2026-10-01/DerivedData/SDKExplicitPrecompiledModules/Network-7O406U96926HRBD7L709HL8UW.pcm

SwiftExplicitDependencyGeneratePcm arm64 /Users/riabuz/Projects/_Sugar\ Maple/build/evidence/product-review-2026-10-01/DerivedData/SDKExplicitPrecompiledModules/UniformTypeIdentifiers-F40MDXJWPAC3QI160AH4MPJCT.pcm

SwiftExplicitDependencyGeneratePcm arm64 /Users/riabuz/Projects/_Sugar\ Maple/build/evidence/product-review-2026-10-01/DerivedData/SDKExplicitPrecompiledModules/OSLog-9FOJOXX4Y4PQDLZWECR037MIG.pcm

SwiftExplicitDependencyGeneratePcm arm64 /Users/riabuz/Projects/_Sugar\ Maple/build/evidence/product-review-2026-10-01/DerivedData/SDKExplicitPrecompiledModules/CoreAudio-B72STQDWI5AAQ1UJM1E4JZPES.pcm

SwiftExplicitDependencyGeneratePcm arm64 /Users/riabuz/Projects/_Sugar\ Maple/build/evidence/product-review-2026-10-01/DerivedData/SDKExplicitPrecompiledModules/OpenGL-2653TYE3G1Q3IK1PBEM1O5X8H.pcm

SwiftExplicitDependencyGeneratePcm arm64 /Users/riabuz/Projects/_Sugar\ Maple/build/evidence/product-review-2026-10-01/DerivedData/SDKExplicitPrecompiledModules/Metal-7P7GOFHKNHJ924XCDC3J39MGC.pcm

SwiftExplicitDependencyGeneratePcm arm64 /Users/riabuz/Projects/_Sugar\ Maple/build/evidence/product-review-2026-10-01/DerivedData/SDKExplicitPrecompiledModules/CoreVideo-5XTFDJTFCAH5HY2NM1PFMEKAD.pcm

SwiftExplicitDependencyGeneratePcm arm64 /Users/riabuz/Projects/_Sugar\ Maple/build/evidence/product-review-2026-10-01/DerivedData/SDKExplicitPrecompiledModules/CoreMedia-DBAANEHGF4HEHHD0MWBVZU5WM.pcm

SwiftExplicitDependencyGeneratePcm arm64 /Users/riabuz/Projects/_Sugar\ Maple/build/evidence/product-review-2026-10-01/DerivedData/SDKExplicitPrecompiledModules/CoreImage-B09RRZN2Y2BYBTCBK02EV5SFD.pcm

SwiftExplicitDependencyGeneratePcm arm64 /Users/riabuz/Projects/_Sugar\ Maple/build/evidence/product-review-2026-10-01/DerivedData/SDKExplicitPrecompiledModules/QuartzCore-52BRKH9Q4LGNMHJCJIY0CK0R3.pcm

SwiftExplicitDependencyGeneratePcm arm64 /Users/riabuz/Projects/_Sugar\ Maple/build/evidence/product-review-2026-10-01/DerivedData/SDKExplicitPrecompiledModules/SwiftUICore-2CWRQGFQYKMSDXXWICGXLYPHU.pcm

SwiftExplicitDependencyGeneratePcm arm64 /Users/riabuz/Projects/_Sugar\ Maple/build/evidence/product-review-2026-10-01/DerivedData/SDKExplicitPrecompiledModules/AppKit-EFVWR7GSQNCJG70ZHU2PEDGIZ.pcm

SwiftExplicitDependencyCompileModuleFromInterface arm64 /Users/riabuz/Projects/_Sugar\ Maple/build/evidence/product-review-2026-10-01/DerivedData/SDKExplicitPrecompiledModules/SwiftUICore-YDI7M7L96289.swiftmodule

SwiftExplicitDependencyGeneratePcm arm64 /Users/riabuz/Projects/_Sugar\ Maple/build/evidence/product-review-2026-10-01/DerivedData/SDKExplicitPrecompiledModules/SwiftUI-Q9I9XACMQFTPHDKX2V9RMMAJ.pcm

SwiftExplicitDependencyGeneratePcm arm64 /Users/riabuz/Projects/_Sugar\ Maple/build/evidence/product-review-2026-10-01/DerivedData/SDKExplicitPrecompiledModules/WebKit-CX2CPS9CCSJUB5VHWZLJPA1IQ.pcm

SwiftExplicitDependencyCompileModuleFromInterface arm64 /Users/riabuz/Projects/_Sugar\ Maple/build/evidence/product-review-2026-10-01/DerivedData/SDKExplicitPrecompiledModules/AppKit-2Q3OJYH0FKPZY.swiftmodule

SwiftExplicitDependencyCompileModuleFromInterface arm64 /Users/riabuz/Projects/_Sugar\ Maple/build/evidence/product-review-2026-10-01/DerivedData/SDKExplicitPrecompiledModules/WebKit-49ZUKQBBWXVZ.swiftmodule

SwiftExplicitDependencyCompileModuleFromInterface arm64 /Users/riabuz/Projects/_Sugar\ Maple/build/evidence/product-review-2026-10-01/DerivedData/SDKExplicitPrecompiledModules/SwiftUI-27I3BB0I7XL3R.swiftmodule

SwiftExplicitDependencyCompileModuleFromInterface arm64 /Users/riabuz/Projects/_Sugar\ Maple/build/evidence/product-review-2026-10-01/DerivedData/SDKExplicitPrecompiledModules/_WebKit_SwiftUI-QZL3DGTTEXK6.swiftmodule

SwiftEmitModule normal arm64 Emitting\ module\ for\ Sugar_Maple (in target 'Sugar Maple' from project 'Sugar Maple')

SwiftCompile normal arm64 (in target 'Sugar Maple' from project 'Sugar Maple')
    cd /Users/riabuz/Projects/_Sugar\ Maple/src/apple


SwiftCompile normal arm64 Compiling\ MyApp.swift /Users/riabuz/Projects/_Sugar\ Maple/src/apple/Sugar\ Maple/MyApp.swift (in target 'Sugar Maple' from project 'Sugar Maple')

SwiftCompile normal arm64 /Users/riabuz/Projects/_Sugar\ Maple/src/apple/Sugar\ Maple/MyApp.swift (in target 'Sugar Maple' from project 'Sugar Maple')
    cd /Users/riabuz/Projects/_Sugar\ Maple/src/apple
    builtin-SwiftPerFileCompile MyApp.swift

SwiftCompile normal arm64 Compiling\ DocumentPersistence.swift /Users/riabuz/Projects/_Sugar\ Maple/src/apple/Sugar\ Maple/DocumentPersistence.swift (in target 'Sugar Maple' from project 'Sugar Maple')

SwiftCompile normal arm64 /Users/riabuz/Projects/_Sugar\ Maple/src/apple/Sugar\ Maple/DocumentPersistence.swift (in target 'Sugar Maple' from project 'Sugar Maple')
    cd /Users/riabuz/Projects/_Sugar\ Maple/src/apple
    builtin-SwiftPerFileCompile DocumentPersistence.swift

SwiftCompile normal arm64 Compiling\ EditorHost.swift /Users/riabuz/Projects/_Sugar\ Maple/src/apple/Sugar\ Maple/EditorHost.swift (in target 'Sugar Maple' from project 'Sugar Maple')

SwiftCompile normal arm64 /Users/riabuz/Projects/_Sugar\ Maple/src/apple/Sugar\ Maple/EditorHost.swift (in target 'Sugar Maple' from project 'Sugar Maple')
    cd /Users/riabuz/Projects/_Sugar\ Maple/src/apple
    builtin-SwiftPerFileCompile EditorHost.swift

SwiftCompile normal arm64 Compiling\ MCPServer.swift /Users/riabuz/Projects/_Sugar\ Maple/src/apple/Sugar\ Maple/MCPServer.swift (in target 'Sugar Maple' from project 'Sugar Maple')

SwiftCompile normal arm64 /Users/riabuz/Projects/_Sugar\ Maple/src/apple/Sugar\ Maple/MCPServer.swift (in target 'Sugar Maple' from project 'Sugar Maple')
    cd /Users/riabuz/Projects/_Sugar\ Maple/src/apple
    builtin-SwiftPerFileCompile MCPServer.swift

SwiftCompile normal arm64 Compiling\ DocumentPackage.swift /Users/riabuz/Projects/_Sugar\ Maple/src/apple/Sugar\ Maple/DocumentPackage.swift (in target 'Sugar Maple' from project 'Sugar Maple')

SwiftCompile normal arm64 /Users/riabuz/Projects/_Sugar\ Maple/src/apple/Sugar\ Maple/DocumentPackage.swift (in target 'Sugar Maple' from project 'Sugar Maple')
    cd /Users/riabuz/Projects/_Sugar\ Maple/src/apple
    builtin-SwiftPerFileCompile DocumentPackage.swift

SwiftCompile normal arm64 Compiling\ AppLifecycle.swift /Users/riabuz/Projects/_Sugar\ Maple/src/apple/Sugar\ Maple/AppLifecycle.swift (in target 'Sugar Maple' from project 'Sugar Maple')

SwiftCompile normal arm64 /Users/riabuz/Projects/_Sugar\ Maple/src/apple/Sugar\ Maple/AppLifecycle.swift (in target 'Sugar Maple' from project 'Sugar Maple')
    cd /Users/riabuz/Projects/_Sugar\ Maple/src/apple
    builtin-SwiftPerFileCompile AppLifecycle.swift

SwiftCompile normal arm64 Compiling\ ContentView.swift /Users/riabuz/Projects/_Sugar\ Maple/src/apple/Sugar\ Maple/ContentView.swift (in target 'Sugar Maple' from project 'Sugar Maple')

SwiftCompile normal arm64 /Users/riabuz/Projects/_Sugar\ Maple/src/apple/Sugar\ Maple/ContentView.swift (in target 'Sugar Maple' from project 'Sugar Maple')
    cd /Users/riabuz/Projects/_Sugar\ Maple/src/apple
    builtin-SwiftPerFileCompile ContentView.swift

SwiftCompile normal arm64 Compiling\ MCPTools.swift /Users/riabuz/Projects/_Sugar\ Maple/src/apple/Sugar\ Maple/MCPTools.swift (in target 'Sugar Maple' from project 'Sugar Maple')

SwiftCompile normal arm64 /Users/riabuz/Projects/_Sugar\ Maple/src/apple/Sugar\ Maple/MCPTools.swift (in target 'Sugar Maple' from project 'Sugar Maple')
    cd /Users/riabuz/Projects/_Sugar\ Maple/src/apple
    builtin-SwiftPerFileCompile MCPTools.swift

SwiftCompile normal arm64 Compiling\ GeneratedAssetSymbols.swift /Users/riabuz/Projects/_Sugar\ Maple/build/evidence/product-review-2026-10-01/DerivedData/Build/Intermediates.noindex/Sugar\ Maple.build/Debug/Sugar\ Maple.build/DerivedSources/GeneratedAssetSymbols.swift (in target 'Sugar Maple' from project 'Sugar Maple')

SwiftCompile normal arm64 /Users/riabuz/Projects/_Sugar\ Maple/build/evidence/product-review-2026-10-01/DerivedData/Build/Intermediates.noindex/Sugar\ Maple.build/Debug/Sugar\ Maple.build/DerivedSources/GeneratedAssetSymbols.swift (in target 'Sugar Maple' from project 'Sugar Maple')
    cd /Users/riabuz/Projects/_Sugar\ Maple/src/apple
    builtin-SwiftPerFileCompile GeneratedAssetSymbols.swift

SwiftDriverJobDiscovery normal arm64 Emitting module for Sugar_Maple (in target 'Sugar Maple' from project 'Sugar Maple')

SwiftDriver\ Compilation\ Requirements Sugar\ Maple normal arm64 com.apple.xcode.tools.swift.compiler (in target 'Sugar Maple' from project 'Sugar Maple')
    cd /Users/riabuz/Projects/_Sugar\ Maple/src/apple
    builtin-Swift-Compilation-Requirements -- /Applications/Xcode.app/Contents/Developer/Toolchains/XcodeDefault.xctoolchain/usr/bin/swiftc -module-name Sugar_Maple -Onone @/Users/riabuz/Projects/_Sugar\ Maple/build/evidence/product-review-2026-10-01/DerivedData/Build/Intermediates.noindex/Sugar\ Maple.build/Debug/Sugar\ Maple.build/Objects-normal/arm64/Sugar\ Maple.SwiftFileList -DDEBUG -enable-bare-slash-regex -enable-upcoming-feature DisableOutwardActorInference -enable-upcoming-feature InferSendableFromCaptures -enable-upcoming-feature GlobalActorIsolatedTypesUsability -enable-upcoming-feature MemberImportVisibility -enable-upcoming-feature InferIsolatedConformances -enable-upcoming-feature NonisolatedNonsendingByDefault -enable-experimental-feature DebugDescriptionMacro -sdk /Applications/Xcode.app/Contents/Developer/Platforms/MacOSX.platform/Developer/SDKs/MacOSX27.0.sdk -target arm64-apple-macos15.0 -g -module-cache-path /Users/riabuz/Projects/_Sugar\ Maple/build/evidence/product-review-2026-10-01/DerivedData/ModuleCache.noindex -Xfrontend -serialize-debugging-options -enable-testing -index-store-path /Users/riabuz/Projects/_Sugar\ Maple/build/evidence/product-review-2026-10-01/DerivedData/Index.noindex/DataStore -Xcc -D_LIBCPP_HARDENING_MODE\=_LIBCPP_HARDENING_MODE_DEBUG -swift-version 5 -I /Users/riabuz/Projects/_Sugar\ Maple/build/evidence/product-review-2026-10-01/DerivedData/Build/Products/Debug -F /Users/riabuz/Projects/_Sugar\ Maple/build/evidence/product-review-2026-10-01/DerivedData/Build/Products/Debug -emit-localized-strings -emit-localized-strings-path /Users/riabuz/Projects/_Sugar\ Maple/build/evidence/product-review-2026-10-01/DerivedData/Build/Intermediates.noindex/Sugar\ Maple.build/Debug/Sugar\ Maple.build/Objects-normal/arm64 -c -j18 -enable-batch-mode -incremental -Xcc -ivfsstatcache -Xcc /Users/riabuz/Projects/_Sugar\ Maple/build/evidence/product-review-2026-10-01/DerivedData/SDKStatCaches.noindex/macosx27.0-26A425-7231f6df4def33e022ae2eb8f782df1a.sdkstatcache -output-file-map /Users/riabuz/Projects/_Sugar\ Maple/build/evidence/product-review-2026-10-01/DerivedData/Build/Intermediates.noindex/Sugar\ Maple.build/Debug/Sugar\ Maple.build/Objects-normal/arm64/Sugar\ Maple-OutputFileMap.json -save-temps -no-color-diagnostics -explicit-module-build -module-cache-path /Users/riabuz/Projects/_Sugar\ Maple/build/evidence/product-review-2026-10-01/DerivedData/Build/Intermediates.noindex/SwiftExplicitPrecompiledModules -clang-scanner-module-cache-path /Users/riabuz/Projects/_Sugar\ Maple/build/evidence/product-review-2026-10-01/DerivedData/ModuleCache.noindex -sdk-module-cache-path /Users/riabuz/Projects/_Sugar\ Maple/build/evidence/product-review-2026-10-01/DerivedData/SDKExplicitPrecompiledModules -emit-dependencies -emit-module -emit-module-path /Users/riabuz/Projects/_Sugar\ Maple/build/evidence/product-review-2026-10-01/DerivedData/Build/Intermediates.noindex/Sugar\ Maple.build/Debug/Sugar\ Maple.build/Objects-normal/arm64/Sugar_Maple.swiftmodule -serialize-diagnostics -dependency-scan-serialize-diagnostics-path /Users/riabuz/Projects/_Sugar\ Maple/build/evidence/product-review-2026-10-01/DerivedData/Build/Intermediates.noindex/Sugar\ Maple.build/Debug/Sugar\ Maple.build/Objects-normal/arm64/Sugar_Maple-dependency-scan.dia -validate-clang-modules-once -clang-build-session-file /Users/riabuz/Projects/_Sugar\ Maple/build/evidence/product-review-2026-10-01/DerivedData/ModuleCache.noindex/Session.modulevalidation -Xcc -fmodules-prune-interval\=86400 -Xcc -fmodules-prune-after\=345600 -emit-const-values -const-gather-protocols-list /Users/riabuz/Projects/_Sugar\ Maple/build/evidence/product-review-2026-10-01/DerivedData/Build/Intermediates.noindex/Sugar\ Maple.build/Debug/Sugar\ Maple.build/Objects-normal/arm64/Sugar\ Maple_const_extract_protocols.json -Xcc -iquote -Xcc /Users/riabuz/Projects/_Sugar\ Maple/build/evidence/product-review-2026-10-01/DerivedData/Build/Intermediates.noindex/Sugar\ Maple.build/Debug/Sugar\ Maple.build/Sugar\ Maple-generated-files.hmap -Xcc -I/Users/riabuz/Projects/_Sugar\ Maple/build/evidence/product-review-2026-10-01/DerivedData/Build/Intermediates.noindex/Sugar\ Maple.build/Debug/Sugar\ Maple.build/Sugar\ Maple-own-target-headers.hmap -Xcc -I/Users/riabuz/Projects/_Sugar\ Maple/build/evidence/product-review-2026-10-01/DerivedData/Build/Intermediates.noindex/Sugar\ Maple.build/Debug/Sugar\ Maple.build/Sugar\ Maple-all-target-headers.hmap -Xcc -iquote -Xcc /Users/riabuz/Projects/_Sugar\ Maple/build/evidence/product-review-2026-10-01/DerivedData/Build/Intermediates.noindex/Sugar\ Maple.build/Debug/Sugar\ Maple.build/Sugar\ Maple-project-headers.hmap -Xcc -I/Users/riabuz/Projects/_Sugar\ Maple/build/evidence/product-review-2026-10-01/DerivedData/Build/Products/Debug/include -Xcc -I/Users/riabuz/Projects/_Sugar\ Maple/build/evidence/product-review-2026-10-01/DerivedData/Build/Intermediates.noindex/Sugar\ Maple.build/Debug/Sugar\ Maple.build/DerivedSources-normal/arm64 -Xcc -I/Users/riabuz/Projects/_Sugar\ Maple/build/evidence/product-review-2026-10-01/DerivedData/Build/Intermediates.noindex/Sugar\ Maple.build/Debug/Sugar\ Maple.build/DerivedSources/arm64 -Xcc -I/Users/riabuz/Projects/_Sugar\ Maple/build/evidence/product-review-2026-10-01/DerivedData/Build/Intermediates.noindex/Sugar\ Maple.build/Debug/Sugar\ Maple.build/DerivedSources -Xcc -DDEBUG\=1 -emit-objc-header -emit-objc-header-path /Users/riabuz/Projects/_Sugar\ Maple/build/evidence/product-review-2026-10-01/DerivedData/Build/Intermediates.noindex/Sugar\ Maple.build/Debug/Sugar\ Maple.build/Objects-normal/arm64/Sugar_Maple-Swift.h -working-directory /Users/riabuz/Projects/_Sugar\ Maple/src/apple -experimental-emit-module-separately -disable-cmo

SwiftMergeGeneratedHeaders /Users/riabuz/Projects/_Sugar\ Maple/build/evidence/product-review-2026-10-01/DerivedData/Build/Intermediates.noindex/Sugar\ Maple.build/Debug/Sugar\ Maple.build/DerivedSources/Sugar_Maple-Swift.h /Users/riabuz/Projects/_Sugar\ Maple/build/evidence/product-review-2026-10-01/DerivedData/Build/Intermediates.noindex/Sugar\ Maple.build/Debug/Sugar\ Maple.build/Objects-normal/arm64/Sugar_Maple-Swift.h (in target 'Sugar Maple' from project 'Sugar Maple')
    cd /Users/riabuz/Projects/_Sugar\ Maple/src/apple
    builtin-swiftHeaderTool -arch arm64 /Users/riabuz/Projects/_Sugar\ Maple/build/evidence/product-review-2026-10-01/DerivedData/Build/Intermediates.noindex/Sugar\ Maple.build/Debug/Sugar\ Maple.build/Objects-normal/arm64/Sugar_Maple-Swift.h -o /Users/riabuz/Projects/_Sugar\ Maple/build/evidence/product-review-2026-10-01/DerivedData/Build/Intermediates.noindex/Sugar\ Maple.build/Debug/Sugar\ Maple.build/DerivedSources/Sugar_Maple-Swift.h

Copy /Users/riabuz/Projects/_Sugar\ Maple/build/evidence/product-review-2026-10-01/DerivedData/Build/Products/Debug/Sugar_Maple.swiftmodule/arm64-apple-macos.abi.json /Users/riabuz/Projects/_Sugar\ Maple/build/evidence/product-review-2026-10-01/DerivedData/Build/Intermediates.noindex/Sugar\ Maple.build/Debug/Sugar\ Maple.build/Objects-normal/arm64/Sugar_Maple.abi.json (in target 'Sugar Maple' from project 'Sugar Maple')
    cd /Users/riabuz/Projects/_Sugar\ Maple/src/apple
    builtin-copy -exclude .DS_Store -exclude CVS -exclude .svn -exclude .git -exclude .hg -resolve-src-symlinks -rename /Users/riabuz/Projects/_Sugar\ Maple/build/evidence/product-review-2026-10-01/DerivedData/Build/Intermediates.noindex/Sugar\ Maple.build/Debug/Sugar\ Maple.build/Objects-normal/arm64/Sugar_Maple.abi.json /Users/riabuz/Projects/_Sugar\ Maple/build/evidence/product-review-2026-10-01/DerivedData/Build/Products/Debug/Sugar_Maple.swiftmodule/arm64-apple-macos.abi.json

Copy /Users/riabuz/Projects/_Sugar\ Maple/build/evidence/product-review-2026-10-01/DerivedData/Build/Products/Debug/Sugar_Maple.swiftmodule/arm64-apple-macos.swiftdoc /Users/riabuz/Projects/_Sugar\ Maple/build/evidence/product-review-2026-10-01/DerivedData/Build/Intermediates.noindex/Sugar\ Maple.build/Debug/Sugar\ Maple.build/Objects-normal/arm64/Sugar_Maple.swiftdoc (in target 'Sugar Maple' from project 'Sugar Maple')
    cd /Users/riabuz/Projects/_Sugar\ Maple/src/apple
    builtin-copy -exclude .DS_Store -exclude CVS -exclude .svn -exclude .git -exclude .hg -resolve-src-symlinks -rename /Users/riabuz/Projects/_Sugar\ Maple/build/evidence/product-review-2026-10-01/DerivedData/Build/Intermediates.noindex/Sugar\ Maple.build/Debug/Sugar\ Maple.build/Objects-normal/arm64/Sugar_Maple.swiftdoc /Users/riabuz/Projects/_Sugar\ Maple/build/evidence/product-review-2026-10-01/DerivedData/Build/Products/Debug/Sugar_Maple.swiftmodule/arm64-apple-macos.swiftdoc

Copy /Users/riabuz/Projects/_Sugar\ Maple/build/evidence/product-review-2026-10-01/DerivedData/Build/Products/Debug/Sugar_Maple.swiftmodule/Project/arm64-apple-macos.swiftsourceinfo /Users/riabuz/Projects/_Sugar\ Maple/build/evidence/product-review-2026-10-01/DerivedData/Build/Intermediates.noindex/Sugar\ Maple.build/Debug/Sugar\ Maple.build/Objects-normal/arm64/Sugar_Maple.swiftsourceinfo (in target 'Sugar Maple' from project 'Sugar Maple')
    cd /Users/riabuz/Projects/_Sugar\ Maple/src/apple
    builtin-copy -exclude .DS_Store -exclude CVS -exclude .svn -exclude .git -exclude .hg -resolve-src-symlinks -rename /Users/riabuz/Projects/_Sugar\ Maple/build/evidence/product-review-2026-10-01/DerivedData/Build/Intermediates.noindex/Sugar\ Maple.build/Debug/Sugar\ Maple.build/Objects-normal/arm64/Sugar_Maple.swiftsourceinfo /Users/riabuz/Projects/_Sugar\ Maple/build/evidence/product-review-2026-10-01/DerivedData/Build/Products/Debug/Sugar_Maple.swiftmodule/Project/arm64-apple-macos.swiftsourceinfo

Copy /Users/riabuz/Projects/_Sugar\ Maple/build/evidence/product-review-2026-10-01/DerivedData/Build/Products/Debug/Sugar_Maple.swiftmodule/arm64-apple-macos.swiftmodule /Users/riabuz/Projects/_Sugar\ Maple/build/evidence/product-review-2026-10-01/DerivedData/Build/Intermediates.noindex/Sugar\ Maple.build/Debug/Sugar\ Maple.build/Objects-normal/arm64/Sugar_Maple.swiftmodule (in target 'Sugar Maple' from project 'Sugar Maple')
    cd /Users/riabuz/Projects/_Sugar\ Maple/src/apple
    builtin-copy -exclude .DS_Store -exclude CVS -exclude .svn -exclude .git -exclude .hg -resolve-src-symlinks -rename /Users/riabuz/Projects/_Sugar\ Maple/build/evidence/product-review-2026-10-01/DerivedData/Build/Intermediates.noindex/Sugar\ Maple.build/Debug/Sugar\ Maple.build/Objects-normal/arm64/Sugar_Maple.swiftmodule /Users/riabuz/Projects/_Sugar\ Maple/build/evidence/product-review-2026-10-01/DerivedData/Build/Products/Debug/Sugar_Maple.swiftmodule/arm64-apple-macos.swiftmodule

SwiftDriverJobDiscovery normal arm64 Compiling MCPTools.swift (in target 'Sugar Maple' from project 'Sugar Maple')

SwiftDriverJobDiscovery normal arm64 Compiling DocumentPackage.swift (in target 'Sugar Maple' from project 'Sugar Maple')

SwiftDriverJobDiscovery normal arm64 Compiling DocumentPersistence.swift (in target 'Sugar Maple' from project 'Sugar Maple')

SwiftDriverJobDiscovery normal arm64 Compiling MCPServer.swift (in target 'Sugar Maple' from project 'Sugar Maple')

SwiftDriverJobDiscovery normal arm64 Compiling MyApp.swift (in target 'Sugar Maple' from project 'Sugar Maple')

SwiftDriverJobDiscovery normal arm64 Compiling ContentView.swift (in target 'Sugar Maple' from project 'Sugar Maple')

SwiftDriverJobDiscovery normal arm64 Compiling AppLifecycle.swift (in target 'Sugar Maple' from project 'Sugar Maple')

SwiftDriverJobDiscovery normal arm64 Compiling GeneratedAssetSymbols.swift (in target 'Sugar Maple' from project 'Sugar Maple')

SwiftDriverJobDiscovery normal arm64 Compiling EditorHost.swift (in target 'Sugar Maple' from project 'Sugar Maple')

SwiftDriver\ Compilation Sugar\ Maple normal arm64 com.apple.xcode.tools.swift.compiler (in target 'Sugar Maple' from project 'Sugar Maple')
    cd /Users/riabuz/Projects/_Sugar\ Maple/src/apple
    builtin-Swift-Compilation -- /Applications/Xcode.app/Contents/Developer/Toolchains/XcodeDefault.xctoolchain/usr/bin/swiftc -module-name Sugar_Maple -Onone @/Users/riabuz/Projects/_Sugar\ Maple/build/evidence/product-review-2026-10-01/DerivedData/Build/Intermediates.noindex/Sugar\ Maple.build/Debug/Sugar\ Maple.build/Objects-normal/arm64/Sugar\ Maple.SwiftFileList -DDEBUG -enable-bare-slash-regex -enable-upcoming-feature DisableOutwardActorInference -enable-upcoming-feature InferSendableFromCaptures -enable-upcoming-feature GlobalActorIsolatedTypesUsability -enable-upcoming-feature MemberImportVisibility -enable-upcoming-feature InferIsolatedConformances -enable-upcoming-feature NonisolatedNonsendingByDefault -enable-experimental-feature DebugDescriptionMacro -sdk /Applications/Xcode.app/Contents/Developer/Platforms/MacOSX.platform/Developer/SDKs/MacOSX27.0.sdk -target arm64-apple-macos15.0 -g -module-cache-path /Users/riabuz/Projects/_Sugar\ Maple/build/evidence/product-review-2026-10-01/DerivedData/ModuleCache.noindex -Xfrontend -serialize-debugging-options -enable-testing -index-store-path /Users/riabuz/Projects/_Sugar\ Maple/build/evidence/product-review-2026-10-01/DerivedData/Index.noindex/DataStore -Xcc -D_LIBCPP_HARDENING_MODE\=_LIBCPP_HARDENING_MODE_DEBUG -swift-version 5 -I /Users/riabuz/Projects/_Sugar\ Maple/build/evidence/product-review-2026-10-01/DerivedData/Build/Products/Debug -F /Users/riabuz/Projects/_Sugar\ Maple/build/evidence/product-review-2026-10-01/DerivedData/Build/Products/Debug -emit-localized-strings -emit-localized-strings-path /Users/riabuz/Projects/_Sugar\ Maple/build/evidence/product-review-2026-10-01/DerivedData/Build/Intermediates.noindex/Sugar\ Maple.build/Debug/Sugar\ Maple.build/Objects-normal/arm64 -c -j18 -enable-batch-mode -incremental -Xcc -ivfsstatcache -Xcc /Users/riabuz/Projects/_Sugar\ Maple/build/evidence/product-review-2026-10-01/DerivedData/SDKStatCaches.noindex/macosx27.0-26A425-7231f6df4def33e022ae2eb8f782df1a.sdkstatcache -output-file-map /Users/riabuz/Projects/_Sugar\ Maple/build/evidence/product-review-2026-10-01/DerivedData/Build/Intermediates.noindex/Sugar\ Maple.build/Debug/Sugar\ Maple.build/Objects-normal/arm64/Sugar\ Maple-OutputFileMap.json -save-temps -no-color-diagnostics -explicit-module-build -module-cache-path /Users/riabuz/Projects/_Sugar\ Maple/build/evidence/product-review-2026-10-01/DerivedData/Build/Intermediates.noindex/SwiftExplicitPrecompiledModules -clang-scanner-module-cache-path /Users/riabuz/Projects/_Sugar\ Maple/build/evidence/product-review-2026-10-01/DerivedData/ModuleCache.noindex -sdk-module-cache-path /Users/riabuz/Projects/_Sugar\ Maple/build/evidence/product-review-2026-10-01/DerivedData/SDKExplicitPrecompiledModules -emit-dependencies -emit-module -emit-module-path /Users/riabuz/Projects/_Sugar\ Maple/build/evidence/product-review-2026-10-01/DerivedData/Build/Intermediates.noindex/Sugar\ Maple.build/Debug/Sugar\ Maple.build/Objects-normal/arm64/Sugar_Maple.swiftmodule -serialize-diagnostics -dependency-scan-serialize-diagnostics-path /Users/riabuz/Projects/_Sugar\ Maple/build/evidence/product-review-2026-10-01/DerivedData/Build/Intermediates.noindex/Sugar\ Maple.build/Debug/Sugar\ Maple.build/Objects-normal/arm64/Sugar_Maple-dependency-scan.dia -validate-clang-modules-once -clang-build-session-file /Users/riabuz/Projects/_Sugar\ Maple/build/evidence/product-review-2026-10-01/DerivedData/ModuleCache.noindex/Session.modulevalidation -Xcc -fmodules-prune-interval\=86400 -Xcc -fmodules-prune-after\=345600 -emit-const-values -const-gather-protocols-list /Users/riabuz/Projects/_Sugar\ Maple/build/evidence/product-review-2026-10-01/DerivedData/Build/Intermediates.noindex/Sugar\ Maple.build/Debug/Sugar\ Maple.build/Objects-normal/arm64/Sugar\ Maple_const_extract_protocols.json -Xcc -iquote -Xcc /Users/riabuz/Projects/_Sugar\ Maple/build/evidence/product-review-2026-10-01/DerivedData/Build/Intermediates.noindex/Sugar\ Maple.build/Debug/Sugar\ Maple.build/Sugar\ Maple-generated-files.hmap -Xcc -I/Users/riabuz/Projects/_Sugar\ Maple/build/evidence/product-review-2026-10-01/DerivedData/Build/Intermediates.noindex/Sugar\ Maple.build/Debug/Sugar\ Maple.build/Sugar\ Maple-own-target-headers.hmap -Xcc -I/Users/riabuz/Projects/_Sugar\ Maple/build/evidence/product-review-2026-10-01/DerivedData/Build/Intermediates.noindex/Sugar\ Maple.build/Debug/Sugar\ Maple.build/Sugar\ Maple-all-target-headers.hmap -Xcc -iquote -Xcc /Users/riabuz/Projects/_Sugar\ Maple/build/evidence/product-review-2026-10-01/DerivedData/Build/Intermediates.noindex/Sugar\ Maple.build/Debug/Sugar\ Maple.build/Sugar\ Maple-project-headers.hmap -Xcc -I/Users/riabuz/Projects/_Sugar\ Maple/build/evidence/product-review-2026-10-01/DerivedData/Build/Products/Debug/include -Xcc -I/Users/riabuz/Projects/_Sugar\ Maple/build/evidence/product-review-2026-10-01/DerivedData/Build/Intermediates.noindex/Sugar\ Maple.build/Debug/Sugar\ Maple.build/DerivedSources-normal/arm64 -Xcc -I/Users/riabuz/Projects/_Sugar\ Maple/build/evidence/product-review-2026-10-01/DerivedData/Build/Intermediates.noindex/Sugar\ Maple.build/Debug/Sugar\ Maple.build/DerivedSources/arm64 -Xcc -I/Users/riabuz/Projects/_Sugar\ Maple/build/evidence/product-review-2026-10-01/DerivedData/Build/Intermediates.noindex/Sugar\ Maple.build/Debug/Sugar\ Maple.build/DerivedSources -Xcc -DDEBUG\=1 -emit-objc-header -emit-objc-header-path /Users/riabuz/Projects/_Sugar\ Maple/build/evidence/product-review-2026-10-01/DerivedData/Build/Intermediates.noindex/Sugar\ Maple.build/Debug/Sugar\ Maple.build/Objects-normal/arm64/Sugar_Maple-Swift.h -working-directory /Users/riabuz/Projects/_Sugar\ Maple/src/apple -experimental-emit-module-separately -disable-cmo

Ld /Users/riabuz/Projects/_Sugar\ Maple/build/evidence/product-review-2026-10-01/DerivedData/Build/Products/Debug/Sugar\ Maple.app/Contents/MacOS/Sugar\ Maple.debug.dylib normal (in target 'Sugar Maple' from project 'Sugar Maple')
    cd /Users/riabuz/Projects/_Sugar\ Maple/src/apple
    /Applications/Xcode.app/Contents/Developer/Toolchains/XcodeDefault.xctoolchain/usr/bin/clang -Xlinker -reproducible -target arm64-apple-macos15.0 -dynamiclib -isysroot /Applications/Xcode.app/Contents/Developer/Platforms/MacOSX.platform/Developer/SDKs/MacOSX27.0.sdk -O0 -Xlinker -no_warn_duplicate_libraries -L/Users/riabuz/Projects/_Sugar\ Maple/build/evidence/product-review-2026-10-01/DerivedData/Build/Intermediates.noindex/EagerLinkingTBDs/Debug -L/Users/riabuz/Projects/_Sugar\ Maple/build/evidence/product-review-2026-10-01/DerivedData/Build/Products/Debug -F/Users/riabuz/Projects/_Sugar\ Maple/build/evidence/product-review-2026-10-01/DerivedData/Build/Intermediates.noindex/EagerLinkingTBDs/Debug -F/Users/riabuz/Projects/_Sugar\ Maple/build/evidence/product-review-2026-10-01/DerivedData/Build/Products/Debug -filelist /Users/riabuz/Projects/_Sugar\ Maple/build/evidence/product-review-2026-10-01/DerivedData/Build/Intermediates.noindex/Sugar\ Maple.build/Debug/Sugar\ Maple.build/Objects-normal/arm64/Sugar\ Maple.LinkFileList -install_name @rpath/Sugar\ Maple.debug.dylib -Xlinker -rpath -Xlinker /usr/lib/swift -Xlinker -rpath -Xlinker @executable_path/../Frameworks -Xlinker -dead_strip -Xlinker -object_path_lto -Xlinker /Users/riabuz/Projects/_Sugar\ Maple/build/evidence/product-review-2026-10-01/DerivedData/Build/Intermediates.noindex/Sugar\ Maple.build/Debug/Sugar\ Maple.build/Objects-normal/arm64/Sugar\ Maple_lto.o -rdynamic -Xlinker -no_deduplicate -Xlinker -dependency_info -Xlinker /Users/riabuz/Projects/_Sugar\ Maple/build/evidence/product-review-2026-10-01/DerivedData/Build/Intermediates.noindex/Sugar\ Maple.build/Debug/Sugar\ Maple.build/Objects-normal/arm64/Sugar\ Maple_dependency_info.dat -fobjc-link-runtime -L/Applications/Xcode.app/Contents/Developer/Toolchains/XcodeDefault.xctoolchain/usr/lib/swift/macosx -L/usr/lib/swift -Xlinker -add_ast_path -Xlinker /Users/riabuz/Projects/_Sugar\ Maple/build/evidence/product-review-2026-10-01/DerivedData/Build/Intermediates.noindex/Sugar\ Maple.build/Debug/Sugar\ Maple.build/Objects-normal/arm64/Sugar_Maple.swiftmodule -Xlinker -alias -Xlinker _main -Xlinker ___debug_main_executable_dylib_entry_point -o /Users/riabuz/Projects/_Sugar\ Maple/build/evidence/product-review-2026-10-01/DerivedData/Build/Products/Debug/Sugar\ Maple.app/Contents/MacOS/Sugar\ Maple.debug.dylib

ConstructStubExecutorLinkFileList /Users/riabuz/Projects/_Sugar\ Maple/build/evidence/product-review-2026-10-01/DerivedData/Build/Intermediates.noindex/Sugar\ Maple.build/Debug/Sugar\ Maple.build/Sugar\ Maple-ExecutorLinkFileList-normal-arm64.txt (in target 'Sugar Maple' from project 'Sugar Maple')
    cd /Users/riabuz/Projects/_Sugar\ Maple/src/apple
    construct-stub-executor-link-file-list /Users/riabuz/Projects/_Sugar\ Maple/build/evidence/product-review-2026-10-01/DerivedData/Build/Products/Debug/Sugar\ Maple.app/Contents/MacOS/Sugar\ Maple.debug.dylib /Applications/Xcode.app/Contents/Developer/Platforms/MacOSX.platform/Developer/usr/lib/libPreviewsJITStubExecutor_no_swift_entry_point.a /Applications/Xcode.app/Contents/Developer/Platforms/MacOSX.platform/Developer/usr/lib/libPreviewsJITStubExecutor.a --output /Users/riabuz/Projects/_Sugar\ Maple/build/evidence/product-review-2026-10-01/DerivedData/Build/Intermediates.noindex/Sugar\ Maple.build/Debug/Sugar\ Maple.build/Sugar\ Maple-ExecutorLinkFileList-normal-arm64.txt
note: Using stub executor library with Swift entry point. (in target 'Sugar Maple' from project 'Sugar Maple')

Ld /Users/riabuz/Projects/_Sugar\ Maple/build/evidence/product-review-2026-10-01/DerivedData/Build/Products/Debug/Sugar\ Maple.app/Contents/MacOS/Sugar\ Maple normal (in target 'Sugar Maple' from project 'Sugar Maple')
    cd /Users/riabuz/Projects/_Sugar\ Maple/src/apple
    /Applications/Xcode.app/Contents/Developer/Toolchains/XcodeDefault.xctoolchain/usr/bin/clang -Xlinker -reproducible -target arm64-apple-macos15.0 -isysroot /Applications/Xcode.app/Contents/Developer/Platforms/MacOSX.platform/Developer/SDKs/MacOSX27.0.sdk -O0 -Xlinker -no_warn_duplicate_libraries -L/Users/riabuz/Projects/_Sugar\ Maple/build/evidence/product-review-2026-10-01/DerivedData/Build/Products/Debug -F/Users/riabuz/Projects/_Sugar\ Maple/build/evidence/product-review-2026-10-01/DerivedData/Build/Products/Debug -Xlinker -rpath -Xlinker @executable_path -Xlinker -rpath -Xlinker @executable_path/../Frameworks -rdynamic -Xlinker -no_deduplicate -e ___debug_blank_executor_main -Xlinker -sectcreate -Xlinker __TEXT -Xlinker __debug_dylib -Xlinker /Users/riabuz/Projects/_Sugar\ Maple/build/evidence/product-review-2026-10-01/DerivedData/Build/Intermediates.noindex/Sugar\ Maple.build/Debug/Sugar\ Maple.build/Sugar\ Maple-DebugDylibPath-normal-arm64.txt -Xlinker -sectcreate -Xlinker __TEXT -Xlinker __debug_instlnm -Xlinker /Users/riabuz/Projects/_Sugar\ Maple/build/evidence/product-review-2026-10-01/DerivedData/Build/Intermediates.noindex/Sugar\ Maple.build/Debug/Sugar\ Maple.build/Sugar\ Maple-DebugDylibInstallName-normal-arm64.txt -Xlinker -filelist -Xlinker /Users/riabuz/Projects/_Sugar\ Maple/build/evidence/product-review-2026-10-01/DerivedData/Build/Intermediates.noindex/Sugar\ Maple.build/Debug/Sugar\ Maple.build/Sugar\ Maple-ExecutorLinkFileList-normal-arm64.txt /Users/riabuz/Projects/_Sugar\ Maple/build/evidence/product-review-2026-10-01/DerivedData/Build/Products/Debug/Sugar\ Maple.app/Contents/MacOS/Sugar\ Maple.debug.dylib -o /Users/riabuz/Projects/_Sugar\ Maple/build/evidence/product-review-2026-10-01/DerivedData/Build/Products/Debug/Sugar\ Maple.app/Contents/MacOS/Sugar\ Maple

PhaseScriptExecution Bundle\ Editor /Users/riabuz/Projects/_Sugar\ Maple/build/evidence/product-review-2026-10-01/DerivedData/Build/Intermediates.noindex/Sugar\ Maple.build/Debug/Sugar\ Maple.build/Script-000000000000000150000000.sh (in target 'Sugar Maple' from project 'Sugar Maple')
    cd /Users/riabuz/Projects/_Sugar\ Maple/src/apple
    export ACTION\=build
    export AD_HOC_CODE_SIGNING_ALLOWED\=YES
    export AGGREGATE_TRACKED_DOMAINS\=YES
    export ALLOW_BUILD_REQUEST_OVERRIDES\=NO
    export ALLOW_TARGET_PLATFORM_SPECIALIZATION\=NO
    export ALTERNATE_GROUP\=staff
    export ALTERNATE_MODE\=u+w,go-w,a+rX
    export ALTERNATE_OWNER\=riabuz
    export ALTERNATIVE_DISTRIBUTION_WEB\=NO
    export ALWAYS_EMBED_SWIFT_STANDARD_LIBRARIES\=NO
    export ALWAYS_SEARCH_USER_PATHS\=NO
    export ALWAYS_USE_SEPARATE_HEADERMAPS\=NO
    export APPLICATION_EXTENSION_API_ONLY\=NO
    export APPLY_RULES_IN_COPY_FILES\=NO
    export APPLY_RULES_IN_COPY_HEADERS\=NO
    export APP_SHORTCUTS_ENABLE_FLEXIBLE_MATCHING\=YES
    export ARCHS\=arm64
    export ARCHS_BASE\=arm64
    export ARCHS_STANDARD\=arm64\ x86_64
    export ARCHS_STANDARD_32_64_BIT\=arm64\ x86_64\ i386
    export ARCHS_STANDARD_32_BIT\=i386
    export ARCHS_STANDARD_64_BIT\=arm64\ x86_64
    export ARCHS_STANDARD_INCLUDING_64_BIT\=arm64\ x86_64
    export ARCH_COHORT_arm64e\=arm64e\ arm64e.x1
    export ASSETCATALOG_COMPILER_GENERATE_SWIFT_ASSET_SYMBOL_EXTENSIONS\=YES
    export AUTOMATICALLY_MERGE_DEPENDENCIES\=NO
    export AUTOMATION_APPLE_EVENTS\=NO
    export AVAILABLE_PLATFORMS\=android\ appletvos\ appletvsimulator\ driverkit\ freebsd\ iphoneos\ iphonesimulator\ linux\ macosx\ none\ openbsd\ qnx\ staticlinux\ watchos\ watchsimulator\ webassembly\ xros\ xrsimulator
    export BUILD_ACTIVE_RESOURCES_ONLY\=NO
    export BUILD_COMPONENTS\=headers\ build
    export BUILD_DIR\=/Users/riabuz/Projects/_Sugar\ Maple/build/evidence/product-review-2026-10-01/DerivedData/Build/Products
    export BUILD_LIBRARY_FOR_DISTRIBUTION\=NO
    export BUILD_ONLY_KNOWN_LOCALIZATIONS\=NO
    export BUILD_ROOT\=/Users/riabuz/Projects/_Sugar\ Maple/build/evidence/product-review-2026-10-01/DerivedData/Build/Products
    export BUILD_STYLE\=
    export BUILD_VARIANTS\=normal
    export BUILT_PRODUCTS_DIR\=/Users/riabuz/Projects/_Sugar\ Maple/build/evidence/product-review-2026-10-01/DerivedData/Build/Products/Debug
    export BUNDLE_CONTENTS_FOLDER_PATH\=Contents/
    export BUNDLE_CONTENTS_FOLDER_PATH_deep\=Contents/
    export BUNDLE_EXECUTABLE_FOLDER_NAME_deep\=MacOS
    export BUNDLE_EXECUTABLE_FOLDER_PATH\=Contents/MacOS
    export BUNDLE_EXTENSIONS_FOLDER_PATH\=Contents/Extensions
    export BUNDLE_FORMAT\=deep
    export BUNDLE_FRAMEWORKS_FOLDER_PATH\=Contents/Frameworks
    export BUNDLE_PLUGINS_FOLDER_PATH\=Contents/PlugIns
    export BUNDLE_PRIVATE_HEADERS_FOLDER_PATH\=Contents/PrivateHeaders
    export BUNDLE_PUBLIC_HEADERS_FOLDER_PATH\=Contents/Headers
    export CACHE_ROOT\=/var/folders/qn/gpgsv1591kz40pfbjgnnvzxm0000gn/C/com.apple.DeveloperTools/27.1-27A9269/Xcode
    export CCHROOT\=/var/folders/qn/gpgsv1591kz40pfbjgnnvzxm0000gn/C/com.apple.DeveloperTools/27.1-27A9269/Xcode
    export CHMOD\=/bin/chmod
    export CHOWN\=chown
    export CLANG_ANALYZER_NONNULL\=YES
    export CLANG_ANALYZER_NUMBER_OBJECT_CONVERSION\=YES_AGGRESSIVE
    export CLANG_CACHE_FINE_GRAINED_OUTPUTS\=YES
    export CLANG_CXX_LANGUAGE_STANDARD\=gnu++20
    export CLANG_ENABLE_EXPLICIT_MODULES\=YES
    export CLANG_ENABLE_MODULES\=YES
    export CLANG_ENABLE_OBJC_ARC\=YES
    export CLANG_ENABLE_OBJC_WEAK\=YES
    export CLANG_MODULES_BUILD_SESSION_FILE\=/Users/riabuz/Projects/_Sugar\ Maple/build/evidence/product-review-2026-10-01/DerivedData/ModuleCache.noindex/Session.modulevalidation
    export CLANG_WARN_BLOCK_CAPTURE_AUTORELEASING\=YES
    export CLANG_WARN_BOOL_CONVERSION\=YES
    export CLANG_WARN_COMMA\=YES
    export CLANG_WARN_CONSTANT_CONVERSION\=YES
    export CLANG_WARN_DEPRECATED_OBJC_IMPLEMENTATIONS\=YES
    export CLANG_WARN_DIRECT_OBJC_ISA_USAGE\=YES_ERROR
    export CLANG_WARN_DOCUMENTATION_COMMENTS\=YES
    export CLANG_WARN_EMPTY_BODY\=YES
    export CLANG_WARN_ENUM_CONVERSION\=YES
    export CLANG_WARN_INFINITE_RECURSION\=YES
    export CLANG_WARN_INT_CONVERSION\=YES
    export CLANG_WARN_NON_LITERAL_NULL_CONVERSION\=YES
    export CLANG_WARN_OBJC_IMPLICIT_RETAIN_SELF\=YES
    export CLANG_WARN_OBJC_LITERAL_CONVERSION\=YES
    export CLANG_WARN_OBJC_ROOT_CLASS\=YES_ERROR
    export CLANG_WARN_QUOTED_INCLUDE_IN_FRAMEWORK_HEADER\=YES
    export CLANG_WARN_RANGE_LOOP_ANALYSIS\=YES
    export CLANG_WARN_STRICT_PROTOTYPES\=YES
    export CLANG_WARN_SUSPICIOUS_MOVE\=YES
    export CLANG_WARN_UNGUARDED_AVAILABILITY\=YES_AGGRESSIVE
    export CLANG_WARN_UNREACHABLE_CODE\=YES
    export CLANG_WARN__DUPLICATE_METHOD_MATCH\=YES
    export CLASS_FILE_DIR\=/Users/riabuz/Projects/_Sugar\ Maple/build/evidence/product-review-2026-10-01/DerivedData/Build/Intermediates.noindex/Sugar\ Maple.build/Debug/Sugar\ Maple.build/JavaClasses
    export CLEAN_PRECOMPS\=YES
    export CLONE_HEADERS\=NO
    export CODESIGNING_FOLDER_PATH\=/Users/riabuz/Projects/_Sugar\ Maple/build/evidence/product-review-2026-10-01/DerivedData/Build/Products/Debug/Sugar\ Maple.app
    export CODE_SIGNING_ALLOWED\=NO
    export CODE_SIGNING_REQUIRED\=YES
    export CODE_SIGN_IDENTITY\=Apple\ Development
    export CODE_SIGN_IDENTITY_NO\=Apple\ Development
    export CODE_SIGN_IDENTITY_YES\=-
    export CODE_SIGN_INJECT_BASE_ENTITLEMENTS\=YES
    export CODE_SIGN_STYLE\=Automatic
    export COLOR_DIAGNOSTICS\=NO
    export COMBINE_HIDPI_IMAGES\=NO
    export COMPILATION_CACHE_CAS_PATH\=/Users/riabuz/Projects/_Sugar\ Maple/build/evidence/product-review-2026-10-01/DerivedData/CompilationCache.noindex
    export COMPILATION_CACHE_KEEP_CAS_DIRECTORY\=YES
    export COMPILER_INDEX_STORE_ENABLE\=Default
    export COMPOSITE_SDK_DIRS\=/Users/riabuz/Projects/_Sugar\ Maple/build/evidence/product-review-2026-10-01/DerivedData/Build/Intermediates.noindex/CompositeSDKs
    export COMPRESS_PNG_FILES\=NO
    export CONFIGURATION\=Debug
    export CONFIGURATION_BUILD_DIR\=/Users/riabuz/Projects/_Sugar\ Maple/build/evidence/product-review-2026-10-01/DerivedData/Build/Products/Debug
    export CONFIGURATION_TEMP_DIR\=/Users/riabuz/Projects/_Sugar\ Maple/build/evidence/product-review-2026-10-01/DerivedData/Build/Intermediates.noindex/Sugar\ Maple.build/Debug
    export CONTENTS_FOLDER_PATH\=Sugar\ Maple.app/Contents
    export CONTENTS_FOLDER_PATH_SHALLOW_BUNDLE_NO\=Sugar\ Maple.app/Contents
    export CONTENTS_FOLDER_PATH_SHALLOW_BUNDLE_YES\=Sugar\ Maple.app
    export COPYING_PRESERVES_HFS_DATA\=NO
    export COPY_HEADERS_RUN_UNIFDEF\=NO
    export COPY_PHASE_STRIP\=NO
    export CP\=/bin/cp
    export CREATE_INFOPLIST_SECTION_IN_BINARY\=NO
    export CURRENT_ARCH\=undefined_arch
    export CURRENT_PROJECT_VERSION\=1
    export CURRENT_VARIANT\=normal
    export DEAD_CODE_STRIPPING\=YES
    export DEBUGGING_SYMBOLS\=YES
    export DEBUG_INFORMATION_FORMAT\=dwarf
    export DEBUG_INFORMATION_VERSION\=compiler-default
    export DEFAULT_COMPILER\=com.apple.compilers.llvm.clang.1_0
    export DEFAULT_DEXT_INSTALL_PATH\=/System/Library/DriverExtensions
    export DEFAULT_KEXT_INSTALL_PATH\=/System/Library/Extensions
    export DEFINES_MODULE\=NO
    export DEPLOYMENT_LOCATION\=NO
    export DEPLOYMENT_POSTPROCESSING\=NO
    export DEPLOYMENT_TARGET_SETTING_NAME\=MACOSX_DEPLOYMENT_TARGET
    export DEPLOYMENT_TARGET_SUGGESTED_VALUES\=12.0\ 12.2\ 12.3\ 12.4\ 13.0\ 13.1\ 13.2\ 13.3\ 13.4\ 13.5\ 14.0\ 14.1\ 14.2\ 14.3\ 14.4\ 14.5\ 14.6\ 15.0\ 15.1\ 15.2\ 15.3\ 15.4\ 15.5\ 15.6\ 26.0\ 26.1\ 26.2\ 26.3\ 26.4\ 26.5\ 26.6\ 27.0
    export DERIVED_FILES_DIR\=/Users/riabuz/Projects/_Sugar\ Maple/build/evidence/product-review-2026-10-01/DerivedData/Build/Intermediates.noindex/Sugar\ Maple.build/Debug/Sugar\ Maple.build/DerivedSources
    export DERIVED_FILE_DIR\=/Users/riabuz/Projects/_Sugar\ Maple/build/evidence/product-review-2026-10-01/DerivedData/Build/Intermediates.noindex/Sugar\ Maple.build/Debug/Sugar\ Maple.build/DerivedSources
    export DERIVED_SOURCES_DIR\=/Users/riabuz/Projects/_Sugar\ Maple/build/evidence/product-review-2026-10-01/DerivedData/Build/Intermediates.noindex/Sugar\ Maple.build/Debug/Sugar\ Maple.build/DerivedSources
    export DEVELOPER_APPLICATIONS_DIR\=/Applications/Xcode.app/Contents/Developer/Applications
    export DEVELOPER_BIN_DIR\=/Applications/Xcode.app/Contents/Developer/usr/bin
    export DEVELOPER_DIR\=/Applications/Xcode.app/Contents/Developer
    export DEVELOPER_FRAMEWORKS_DIR\=/Applications/Xcode.app/Contents/Developer/Library/Frameworks
    export DEVELOPER_FRAMEWORKS_DIR_QUOTED\=/Applications/Xcode.app/Contents/Developer/Library/Frameworks
    export DEVELOPER_LIBRARY_DIR\=/Applications/Xcode.app/Contents/Developer/Library
    export DEVELOPER_SDK_DIR\=/Applications/Xcode.app/Contents/Developer/Platforms/MacOSX.platform/Developer/SDKs
    export DEVELOPER_TOOLS_DIR\=/Applications/Xcode.app/Contents/Developer/Tools
    export DEVELOPER_USR_DIR\=/Applications/Xcode.app/Contents/Developer/usr
    export DEVELOPMENT_LANGUAGE\=en
    export DEVELOPMENT_TEAM\=QREP66JW5U
    export DIAGNOSE_MISSING_TARGET_DEPENDENCIES\=YES
    export DIFF\=/usr/bin/diff
    export DOCUMENTATION_FOLDER_PATH\=Sugar\ Maple.app/Contents/Resources/en.lproj/Documentation
    export DONT_GENERATE_INFOPLIST_FILE\=NO
    export DSTROOT\=/tmp/Sugar\ Maple.dst
    export DT_TOOLCHAIN_DIR\=/Applications/Xcode.app/Contents/Developer/Toolchains/XcodeDefault.xctoolchain
    export DWARF_DSYM_FILE_NAME\=Sugar\ Maple.app.dSYM
    export DWARF_DSYM_FILE_SHOULD_ACCOMPANY_PRODUCT\=NO
    export DWARF_DSYM_FOLDER_PATH\=/Users/riabuz/Projects/_Sugar\ Maple/build/evidence/product-review-2026-10-01/DerivedData/Build/Products/Debug
    export DYNAMIC_LIBRARY_EXTENSION\=dylib
    export EAGER_COMPILATION_ALLOW_SCRIPTS\=NO
    export EAGER_LINKING\=NO
    export EFFECTIVE_SWIFT_VERSION\=5
    export EMBEDDED_CONTENT_CONTAINS_SWIFT\=NO
    export EMBEDDED_PROFILE_NAME\=embedded.provisionprofile
    export EMBED_ASSET_PACKS_IN_PRODUCT_BUNDLE\=NO
    export ENABLE_APP_SANDBOX\=YES
    export ENABLE_CODE_COVERAGE\=YES
    export ENABLE_COHORT_ARCHS\=YES
    export ENABLE_CPLUSPLUS_BOUNDS_SAFE_BUFFERS\=NO
    export ENABLE_C_BOUNDS_SAFETY\=NO
    export ENABLE_DEBUG_DYLIB\=YES
    export ENABLE_DEFAULT_HEADER_SEARCH_PATHS\=YES
    export ENABLE_DEFAULT_SEARCH_PATHS\=YES
    export ENABLE_ENHANCED_SECURITY\=NO
    export ENABLE_HARDENED_RUNTIME\=NO
    export ENABLE_HARDWARE_CHECKED_POINTER_ARITHMETIC_SLICE\=NO
    export ENABLE_HEADER_DEPENDENCIES\=YES
    export ENABLE_INCOMING_NETWORK_CONNECTIONS\=YES
    export ENABLE_ON_DEMAND_RESOURCES\=NO
    export ENABLE_OUTGOING_NETWORK_CONNECTIONS\=YES
    export ENABLE_POINTER_AUTHENTICATION\=NO
    export ENABLE_PREVIEWS\=NO
    export ENABLE_RESOURCE_ACCESS_AUDIO_INPUT\=NO
    export ENABLE_RESOURCE_ACCESS_BLUETOOTH\=NO
    export ENABLE_RESOURCE_ACCESS_CALENDARS\=NO
    export ENABLE_RESOURCE_ACCESS_CAMERA\=NO
    export ENABLE_RESOURCE_ACCESS_CONTACTS\=NO
    export ENABLE_RESOURCE_ACCESS_LOCATION\=NO
    export ENABLE_RESOURCE_ACCESS_PHOTO_LIBRARY\=NO
    export ENABLE_RESOURCE_ACCESS_PRINTING\=NO
    export ENABLE_RESOURCE_ACCESS_USB\=NO
    export ENABLE_SDK_IMPORTS\=NO
    export ENABLE_SECURITY_COMPILER_WARNINGS\=NO
    export ENABLE_STRICT_OBJC_MSGSEND\=YES
    export ENABLE_TESTABILITY\=YES
    export ENABLE_TESTING_SEARCH_PATHS\=NO
    export ENABLE_USER_SCRIPT_SANDBOXING\=NO
    export ENABLE_USER_SELECTED_FILES\=readwrite
    export ENABLE_XOJIT_PREVIEWS\=YES
    export ENFORCE_VALID_ARCHS\=YES
    export ENTITLEMENTS_ALLOWED\=YES
    export ENTITLEMENTS_DESTINATION\=Signature
    export ENTITLEMENTS_REQUIRED\=NO
    export EXCLUDED_INSTALLSRC_SUBDIRECTORY_PATTERNS\=.DS_Store\ .svn\ .git\ .hg\ CVS
    export EXCLUDED_RECURSIVE_SEARCH_PATH_SUBDIRECTORIES\=\*.nib\ \*.lproj\ \*.framework\ \*.gch\ \*.xcode\*\ \*.xcassets\ \*.icon\ \(\*\)\ .DS_Store\ CVS\ .svn\ .git\ .hg\ \*.pbproj\ \*.pbxproj
    export EXECUTABLES_FOLDER_PATH\=Sugar\ Maple.app/Contents/Executables
    export EXECUTABLE_BLANK_INJECTION_DYLIB_PATH\=Sugar\ Maple.app/Contents/MacOS/__preview.dylib
    export EXECUTABLE_DEBUG_DYLIB_INSTALL_NAME\=@rpath/Sugar\ Maple.debug.dylib
    export EXECUTABLE_DEBUG_DYLIB_PATH\=Sugar\ Maple.app/Contents/MacOS/Sugar\ Maple.debug.dylib
    export EXECUTABLE_FOLDER_PATH\=Sugar\ Maple.app/Contents/MacOS
    export EXECUTABLE_FOLDER_PATH_SHALLOW_BUNDLE_NO\=Sugar\ Maple.app/Contents/MacOS
    export EXECUTABLE_FOLDER_PATH_SHALLOW_BUNDLE_YES\=Sugar\ Maple.app/Contents
    export EXECUTABLE_NAME\=Sugar\ Maple
    export EXECUTABLE_PATH\=Sugar\ Maple.app/Contents/MacOS/Sugar\ Maple
    export EXTENSIONS_FOLDER_PATH\=Sugar\ Maple.app/Contents/Extensions
    export FILE_LIST\=/Users/riabuz/Projects/_Sugar\ Maple/build/evidence/product-review-2026-10-01/DerivedData/Build/Intermediates.noindex/Sugar\ Maple.build/Debug/Sugar\ Maple.build/Objects/LinkFileList
    export FIXED_FILES_DIR\=/Users/riabuz/Projects/_Sugar\ Maple/build/evidence/product-review-2026-10-01/DerivedData/Build/Intermediates.noindex/Sugar\ Maple.build/Debug/Sugar\ Maple.build/FixedFiles
    export FRAMEWORKS_FOLDER_PATH\=Sugar\ Maple.app/Contents/Frameworks
    export FRAMEWORK_FLAG_PREFIX\=-framework
    export FRAMEWORK_SEARCH_PATHS\=/Users/riabuz/Projects/_Sugar\ Maple/build/evidence/product-review-2026-10-01/DerivedData/Build/Products/Debug\
    export FRAMEWORK_VERSION\=A
    export FULL_PRODUCT_NAME\=Sugar\ Maple.app
    export FUSE_BUILD_PHASES\=YES
    export FUSE_BUILD_SCRIPT_PHASES\=NO
    export GCC3_VERSION\=3.3
    export GCC_C_LANGUAGE_STANDARD\=gnu17
    export GCC_DYNAMIC_NO_PIC\=NO
    export GCC_INLINES_ARE_PRIVATE_EXTERN\=YES
    export GCC_NO_COMMON_BLOCKS\=YES
    export GCC_OPTIMIZATION_LEVEL\=0
    export GCC_PFE_FILE_C_DIALECTS\=c\ objective-c\ c++\ objective-c++
    export GCC_PREPROCESSOR_DEFINITIONS\=DEBUG\=1\
    export GCC_SYMBOLS_PRIVATE_EXTERN\=NO
    export GCC_TREAT_WARNINGS_AS_ERRORS\=NO
    export GCC_VERSION\=com.apple.compilers.llvm.clang.1_0
    export GCC_VERSION_IDENTIFIER\=com_apple_compilers_llvm_clang_1_0
    export GCC_WARN_64_TO_32_BIT_CONVERSION\=YES
    export GCC_WARN_ABOUT_RETURN_TYPE\=YES_ERROR
    export GCC_WARN_UNDECLARED_SELECTOR\=YES
    export GCC_WARN_UNINITIALIZED_AUTOS\=YES_AGGRESSIVE
    export GCC_WARN_UNUSED_FUNCTION\=YES
    export GCC_WARN_UNUSED_VARIABLE\=YES
    export GENERATED_MODULEMAP_DIR\=/Users/riabuz/Projects/_Sugar\ Maple/build/evidence/product-review-2026-10-01/DerivedData/Build/Intermediates.noindex/GeneratedModuleMaps
    export GENERATE_INFOPLIST_FILE\=YES
    export GENERATE_INTERMEDIATE_TEXT_BASED_STUBS\=YES
    export GENERATE_PKGINFO_FILE\=YES
    export GENERATE_PRELINK_OBJECT_FILE\=NO
    export GENERATE_PROFILING_CODE\=NO
    export GENERATE_TEXT_BASED_STUBS\=NO
    export GID\=20
    export GROUP\=staff
    export HEADERMAP_INCLUDES_FLAT_ENTRIES_FOR_TARGET_BEING_BUILT\=YES
    export HEADERMAP_INCLUDES_FRAMEWORK_ENTRIES_FOR_ALL_PRODUCT_TYPES\=YES
    export HEADERMAP_INCLUDES_FRAMEWORK_ENTRIES_FOR_TARGETS_NOT_BEING_BUILT\=YES
    export HEADERMAP_INCLUDES_NONPUBLIC_NONPRIVATE_HEADERS\=YES
    export HEADERMAP_INCLUDES_PROJECT_HEADERS\=YES
    export HEADERMAP_USES_FRAMEWORK_PREFIX_ENTRIES\=YES
    export HEADERMAP_USES_VFS\=NO
    export HEADER_SEARCH_PATHS\=/Users/riabuz/Projects/_Sugar\ Maple/build/evidence/product-review-2026-10-01/DerivedData/Build/Products/Debug/include\
    export HOME\=/Users/riabuz
    export HOST_ARCH\=arm64
    export HOST_PLATFORM\=macosx
    export ICONV\=/usr/bin/iconv
    export IMPLICIT_DEPENDENCY_DOMAIN\=default
    export INDEX_ENABLE_OPTIMIZATION_LEVEL_OVERRIDE\=YES
    export INDEX_STORE_COMPRESS\=NO
    export INDEX_STORE_ONLY_PROJECT_FILES\=NO
    export INFOPLIST_ENABLE_CFBUNDLEICONS_MERGE\=YES
    export INFOPLIST_EXPAND_BUILD_SETTINGS\=YES
    export INFOPLIST_KEY_UISupportedInterfaceOrientations_iPad\=UIInterfaceOrientationPortrait\ UIInterfaceOrientationPortraitUpsideDown\ UIInterfaceOrientationLandscapeLeft\ UIInterfaceOrientationLandscapeRight
    export INFOPLIST_KEY_UISupportedInterfaceOrientations_iPhone\=UIInterfaceOrientationPortrait\ UIInterfaceOrientationLandscapeLeft\ UIInterfaceOrientationLandscapeRight
    export INFOPLIST_OUTPUT_FORMAT\=same-as-input
    export INFOPLIST_PATH\=Sugar\ Maple.app/Contents/Info.plist
    export INFOPLIST_PREPROCESS\=NO
    export INFOSTRINGS_PATH\=Sugar\ Maple.app/Contents/Resources/en.lproj/InfoPlist.strings
    export INLINE_PRIVATE_FRAMEWORKS\=NO
    export INSTALLAPI_IGNORE_SKIP_INSTALL\=YES
    export INSTALLHDRS_COPY_PHASE\=NO
    export INSTALLHDRS_SCRIPT_PHASE\=NO
    export INSTALL_DIR\=/tmp/Sugar\ Maple.dst/Applications
    export INSTALL_GROUP\=staff
    export INSTALL_MODE_FLAG\=u+w,go-w,a+rX
    export INSTALL_OWNER\=riabuz
    export INSTALL_PATH\=/Applications
    export INSTALL_ROOT\=/tmp/Sugar\ Maple.dst
    export IOS_UNZIPPERED_TWIN_PREFIX_PATH\=/System/iOSSupport
    export IS_MACCATALYST\=NO
    export IS_UNOPTIMIZED_BUILD\=YES
    export JAVAC_DEFAULT_FLAGS\=-J-Xms64m\ -J-XX:NewSize\=4M\ -J-Dfile.encoding\=UTF8
    export JAVA_APP_STUB\=/System/Library/Frameworks/JavaVM.framework/Resources/MacOS/JavaApplicationStub
    export JAVA_ARCHIVE_CLASSES\=YES
    export JAVA_ARCHIVE_TYPE\=JAR
    export JAVA_COMPILER\=/usr/bin/javac
    export JAVA_FOLDER_PATH\=Sugar\ Maple.app/Contents/Resources/Java
    export JAVA_FRAMEWORK_RESOURCES_DIRS\=Resources
    export JAVA_JAR_FLAGS\=cv
    export JAVA_SOURCE_SUBDIR\=.
    export JAVA_USE_DEPENDENCIES\=YES
    export JAVA_ZIP_FLAGS\=-urg
    export JIKES_DEFAULT_FLAGS\=+E\ +OLDCSO
    export KASAN_CFLAGS_CLASSIC\=-DKASAN\=1\ -DKASAN_CLASSIC\=1\ -fsanitize\=address\ -mllvm\ -asan-globals-live-support\ -mllvm\ -asan-force-dynamic-shadow
    export KASAN_CFLAGS_TBI\=-DKASAN\=1\ -DKASAN_TBI\=1\ -fsanitize\=kernel-hwaddress\ -mllvm\ -hwasan-recover\=0\ -mllvm\ -hwasan-instrument-atomics\=0\ -mllvm\ -hwasan-instrument-stack\=1\ -mllvm\ -hwasan-generate-tags-with-calls\=1\ -mllvm\ -hwasan-instrument-with-calls\=1\ -mllvm\ -hwasan-use-short-granules\=0\ -mllvm\ -hwasan-memory-access-callback-prefix\=__asan_
    export KASAN_DEFAULT_CFLAGS\=-DKASAN\=1\ -DKASAN_CLASSIC\=1\ -fsanitize\=address\ -mllvm\ -asan-globals-live-support\ -mllvm\ -asan-force-dynamic-shadow
    export KEEP_PRIVATE_EXTERNS\=NO
    export LD_DEPENDENCY_INFO_FILE\=/Users/riabuz/Projects/_Sugar\ Maple/build/evidence/product-review-2026-10-01/DerivedData/Build/Intermediates.noindex/Sugar\ Maple.build/Debug/Sugar\ Maple.build/Objects-normal/undefined_arch/Sugar\ Maple_dependency_info.dat
    export LD_EXPORT_GLOBAL_SYMBOLS\=YES
    export LD_EXPORT_SYMBOLS\=YES
    export LD_GENERATE_MAP_FILE\=NO
    export LD_MAP_FILE_PATH\=/Users/riabuz/Projects/_Sugar\ Maple/build/evidence/product-review-2026-10-01/DerivedData/Build/Intermediates.noindex/Sugar\ Maple.build/Debug/Sugar\ Maple.build/Sugar\ Maple-LinkMap-normal-undefined_arch.txt
    export LD_NO_PIE\=NO
    export LD_QUOTE_LINKER_ARGUMENTS_FOR_COMPILER_DRIVER\=YES
    export LD_RUNPATH_SEARCH_PATHS\=@executable_path/../Frameworks
    export LD_RUNPATH_SEARCH_PATHS_YES\=@loader_path/../Frameworks
    export LD_SHARED_CACHE_ELIGIBLE\=Automatic
    export LD_WARN_DUPLICATE_LIBRARIES\=NO
    export LD_WARN_UNUSED_DYLIBS\=NO
    export LEGACY_DEVELOPER_DIR\=/Applications/Xcode.app/Contents/PlugIns/Xcode3Core.ideplugin/Contents/SharedSupport/Developer
    export LEX\=lex
    export LIBRARY_DEXT_INSTALL_PATH\=/Library/DriverExtensions
    export LIBRARY_FLAG_NOSPACE\=YES
    export LIBRARY_FLAG_PREFIX\=-l
    export LIBRARY_KEXT_INSTALL_PATH\=/Library/Extensions
    export LIBRARY_SEARCH_PATHS\=/Users/riabuz/Projects/_Sugar\ Maple/build/evidence/product-review-2026-10-01/DerivedData/Build/Products/Debug\
    export LINKER_DISPLAYS_MANGLED_NAMES\=NO
    export LINK_FILE_LIST_normal_arm64\=/Users/riabuz/Projects/_Sugar\ Maple/build/evidence/product-review-2026-10-01/DerivedData/Build/Intermediates.noindex/Sugar\ Maple.build/Debug/Sugar\ Maple.build/Objects-normal/arm64/Sugar\ Maple.LinkFileList
    export LINK_OBJC_RUNTIME\=YES
    export LINK_WITH_STANDARD_LIBRARIES\=YES
    export LLVM_TARGET_TRIPLE_OS_VERSION\=macos15.0
    export LLVM_TARGET_TRIPLE_OS_VERSION_NO\=macos15.0
    export LLVM_TARGET_TRIPLE_OS_VERSION_YES\=macos27.0
    export LLVM_TARGET_TRIPLE_VENDOR\=apple
    export LM_AUX_CONST_METADATA_LIST_PATH_normal_arm64\=/Users/riabuz/Projects/_Sugar\ Maple/build/evidence/product-review-2026-10-01/DerivedData/Build/Intermediates.noindex/Sugar\ Maple.build/Debug/Sugar\ Maple.build/Objects-normal/arm64/Sugar\ Maple.SwiftConstValuesFileList
    export LOCALIZATION_EXPORT_SUPPORTED\=YES
    export LOCALIZATION_PREFERS_STRING_CATALOGS\=YES
    export LOCALIZED_RESOURCES_FOLDER_PATH\=Sugar\ Maple.app/Contents/Resources/en.lproj
    export LOCALIZED_STRING_CODE_COMMENTS\=NO
    export LOCALIZED_STRING_MACRO_NAMES\=NSLocalizedString\ CFCopyLocalizedString
    export LOCALIZED_STRING_SWIFTUI_SUPPORT\=YES
    export LOCAL_ADMIN_APPS_DIR\=/Applications/Utilities
    export LOCAL_APPS_DIR\=/Applications
    export LOCAL_DEVELOPER_DIR\=/Library/Developer
    export LOCAL_LIBRARY_DIR\=/Library
    export LOCROOT\=/Users/riabuz/Projects/_Sugar\ Maple/src/apple
    export LOCSYMROOT\=/Users/riabuz/Projects/_Sugar\ Maple/src/apple
    export MACH_O_TYPE\=mh_execute
    export MACOSX_DEPLOYMENT_TARGET\=15.0
    export MAC_OS_X_PRODUCT_BUILD_VERSION\=26A428
    export MAC_OS_X_VERSION_ACTUAL\=270000
    export MAC_OS_X_VERSION_MAJOR\=270000
    export MAC_OS_X_VERSION_MINOR\=270000
    export MAKE_MERGEABLE\=NO
    export MARKETING_VERSION\=1.0
    export MERGEABLE_LIBRARY\=NO
    export MERGED_BINARY_TYPE\=none
    export MERGE_LINKED_LIBRARIES\=NO
    export METAL_LIBRARY_FILE_BASE\=default
    export METAL_LIBRARY_OUTPUT_DIR\=/Users/riabuz/Projects/_Sugar\ Maple/build/evidence/product-review-2026-10-01/DerivedData/Build/Products/Debug/Sugar\ Maple.app/Contents/Resources
    export MODULES_FOLDER_PATH\=Sugar\ Maple.app/Contents/Modules
    export MODULE_CACHE_DIR\=/Users/riabuz/Projects/_Sugar\ Maple/build/evidence/product-review-2026-10-01/DerivedData/ModuleCache.noindex
    export MTL_ENABLE_DEBUG_INFO\=INCLUDE_SOURCE
    export MTL_FAST_MATH\=YES
    export NATIVE_ARCH\=arm64
    export NATIVE_ARCH_32_BIT\=arm
    export NATIVE_ARCH_64_BIT\=arm64
    export NATIVE_ARCH_ACTUAL\=arm64
    export NO_COMMON\=YES
    export OBJECT_FILE_DIR\=/Users/riabuz/Projects/_Sugar\ Maple/build/evidence/product-review-2026-10-01/DerivedData/Build/Intermediates.noindex/Sugar\ Maple.build/Debug/Sugar\ Maple.build/Objects
    export OBJECT_FILE_DIR_normal\=/Users/riabuz/Projects/_Sugar\ Maple/build/evidence/product-review-2026-10-01/DerivedData/Build/Intermediates.noindex/Sugar\ Maple.build/Debug/Sugar\ Maple.build/Objects-normal
    export OBJROOT\=/Users/riabuz/Projects/_Sugar\ Maple/build/evidence/product-review-2026-10-01/DerivedData/Build/Intermediates.noindex
    export ONLY_ACTIVE_ARCH\=YES
    export ONLY_ARCH\=arm64
    export OS\=MACOS
    export OSAC\=/usr/bin/osacompile
    export PACKAGE_TYPE\=com.apple.package-type.wrapper.application
    export PASCAL_STRINGS\=YES
    export PATH\=/Applications/Xcode.app/Contents/SharedFrameworks/SwiftBuild.framework/Versions/A/PlugIns/SWBBuildService.bundle/Contents/PlugIns/SWBUniversalPlatformPlugin.bundle/Contents/Frameworks/SWBUniversalPlatform.framework/Resources:/Applications/Xcode.app/Contents/Developer/Toolchains/XcodeDefault.xctoolchain/usr/bin:/Applications/Xcode.app/Contents/Developer/Toolchains/XcodeDefault.xctoolchain/usr/local/bin:/Applications/Xcode.app/Contents/Developer/Toolchains/XcodeDefault.xctoolchain/usr/libexec:/Applications/Xcode.app/Contents/Developer/Platforms/MacOSX.platform/usr/bin:/Applications/Xcode.app/Contents/Developer/Platforms/MacOSX.platform/usr/local/bin:/Applications/Xcode.app/Contents/Developer/Platforms/MacOSX.platform/Developer/usr/bin:/Applications/Xcode.app/Contents/Developer/Platforms/MacOSX.platform/Developer/usr/local/bin:/Applications/Xcode.app/Contents/Developer/usr/bin:/Applications/Xcode.app/Contents/Developer/usr/local/bin:/Applications/ChatGPT.app/Contents/Resources/codex-cli/codex-path:/usr/local/bin:/Users/riabuz/.opencode/bin:/Users/riabuz/.antigravity/antigravity/bin:/Users/riabuz/.bun/bin:/Users/riabuz/.local/bin:/opt/homebrew/bin:/opt/homebrew/sbin:/System/Cryptexes/App/usr/bin:/usr/bin:/bin:/usr/sbin:/sbin:/var/run/com.apple.security.cryptexd/codex.system/bootstrap/usr/local/bin:/var/run/com.apple.security.cryptexd/codex.system/bootstrap/usr/bin:/var/run/com.apple.security.cryptexd/codex.system/bootstrap/usr/appleinternal/bin:/pkg/env/global/bin:/Library/Apple/usr/bin:/Users/riabuz/.codex/tmp/arg0/codex-arg0aP6Wz4:/Users/riabuz/.cache/codex-runtimes/codex-primary-runtime/dependencies/bin/override:/Users/riabuz/.cargo/bin:/Users/riabuz/.cache/codex-runtimes/codex-primary-runtime/dependencies/bin/fallback:/Applications/ChatGPT.app/Contents/Resources:/Applications/ChatGPT.app/Contents/Resources/codex-cli/CodexCLI.app/Contents/MacOS
    export PATH_PREFIXES_EXCLUDED_FROM_HEADER_DEPENDENCIES\=/usr/include\ /usr/local/include\ /System/Library/Frameworks\ /System/Library/PrivateFrameworks\ /Applications/Xcode.app/Contents/Developer/Headers\ /Applications/Xcode.app/Contents/Developer/SDKs\ /Applications/Xcode.app/Contents/Developer/Platforms
    export PBDEVELOPMENTPLIST_PATH\=Sugar\ Maple.app/Contents/pbdevelopment.plist
    export PER_ARCH_MODULE_FILE_DIR\=/Users/riabuz/Projects/_Sugar\ Maple/build/evidence/product-review-2026-10-01/DerivedData/Build/Intermediates.noindex/Sugar\ Maple.build/Debug/Sugar\ Maple.build/Objects-normal/undefined_arch
    export PER_ARCH_OBJECT_FILE_DIR\=/Users/riabuz/Projects/_Sugar\ Maple/build/evidence/product-review-2026-10-01/DerivedData/Build/Intermediates.noindex/Sugar\ Maple.build/Debug/Sugar\ Maple.build/Objects-normal/undefined_arch
    export PER_VARIANT_OBJECT_FILE_DIR\=/Users/riabuz/Projects/_Sugar\ Maple/build/evidence/product-review-2026-10-01/DerivedData/Build/Intermediates.noindex/Sugar\ Maple.build/Debug/Sugar\ Maple.build/Objects-normal
    export PKGINFO_FILE_PATH\=/Users/riabuz/Projects/_Sugar\ Maple/build/evidence/product-review-2026-10-01/DerivedData/Build/Intermediates.noindex/Sugar\ Maple.build/Debug/Sugar\ Maple.build/PkgInfo
    export PKGINFO_PATH\=Sugar\ Maple.app/Contents/PkgInfo
    export PLATFORM_DEVELOPER_APPLICATIONS_DIR\=/Applications/Xcode.app/Contents/Developer/Applications
    export PLATFORM_DEVELOPER_BIN_DIR\=/Applications/Xcode.app/Contents/Developer/usr/bin
    export PLATFORM_DEVELOPER_LIBRARY_DIR\=/Applications/Xcode.app/Contents/Developer/Library
    export PLATFORM_DEVELOPER_SDK_DIR\=/Applications/Xcode.app/Contents/Developer/Platforms/MacOSX.platform/Developer/SDKs
    export PLATFORM_DEVELOPER_TOOLS_DIR\=/Applications/Xcode.app/Contents/Developer/Tools
    export PLATFORM_DEVELOPER_USR_DIR\=/Applications/Xcode.app/Contents/Developer/usr
    export PLATFORM_DIR\=/Applications/Xcode.app/Contents/Developer/Platforms/MacOSX.platform
    export PLATFORM_DISPLAY_NAME\=macOS
    export PLATFORM_FAMILY_NAME\=macOS
    export PLATFORM_NAME\=macosx
    export PLATFORM_PREFERRED_ARCH\=x86_64
    export PLATFORM_PRODUCT_BUILD_VERSION\=26A425
    export PLATFORM_REQUIRES_SWIFT_AUTOLINK_EXTRACT\=NO
    export PLATFORM_REQUIRES_SWIFT_MODULEWRAP\=NO
    export PLATFORM_USES_DSYMS\=YES
    export PLIST_FILE_OUTPUT_FORMAT\=same-as-input
    export PLUGINS_FOLDER_PATH\=Sugar\ Maple.app/Contents/PlugIns
    export PRECOMPS_INCLUDE_HEADERS_FROM_BUILT_PRODUCTS_DIR\=YES
    export PRECOMP_DESTINATION_DIR\=/Users/riabuz/Projects/_Sugar\ Maple/build/evidence/product-review-2026-10-01/DerivedData/Build/Intermediates.noindex/Sugar\ Maple.build/Debug/Sugar\ Maple.build/PrefixHeaders
    export PRELINK_DEPENDENCY_INFO_FILE\=/Users/riabuz/Projects/_Sugar\ Maple/build/evidence/product-review-2026-10-01/DerivedData/Build/Intermediates.noindex/Sugar\ Maple.build/Debug/Sugar\ Maple.build/Objects-normal/undefined_arch/Sugar\ Maple_prelink_dependency_info.dat
    export PRIVATE_HEADERS_FOLDER_PATH\=Sugar\ Maple.app/Contents/PrivateHeaders
    export PROCESSED_INFOPLIST_PATH\=/Users/riabuz/Projects/_Sugar\ Maple/build/evidence/product-review-2026-10-01/DerivedData/Build/Intermediates.noindex/Sugar\ Maple.build/Debug/Sugar\ Maple.build/Objects-normal/undefined_arch/Processed-Info.plist
    export PRODUCT_BUNDLE_IDENTIFIER\=io.zubair.SugarMaple
    export PRODUCT_BUNDLE_PACKAGE_TYPE\=APPL
    export PRODUCT_MODULE_NAME\=Sugar_Maple
    export PRODUCT_NAME\=Sugar\ Maple
    export PRODUCT_SETTINGS_PATH\=
    export PRODUCT_TYPE\=com.apple.product-type.application
    export PROFILING_CODE\=NO
    export PROJECT\=Sugar\ Maple
    export PROJECT_DERIVED_FILE_DIR\=/Users/riabuz/Projects/_Sugar\ Maple/build/evidence/product-review-2026-10-01/DerivedData/Build/Intermediates.noindex/Sugar\ Maple.build/DerivedSources
    export PROJECT_DIR\=/Users/riabuz/Projects/_Sugar\ Maple/src/apple
    export PROJECT_FILE_PATH\=/Users/riabuz/Projects/_Sugar\ Maple/src/apple/Sugar\ Maple.xcodeproj
    export PROJECT_GUID\=b1fd31637b825f830deb84544883a5b8
    export PROJECT_NAME\=Sugar\ Maple
    export PROJECT_TEMP_DIR\=/Users/riabuz/Projects/_Sugar\ Maple/build/evidence/product-review-2026-10-01/DerivedData/Build/Intermediates.noindex/Sugar\ Maple.build
    export PROJECT_TEMP_ROOT\=/Users/riabuz/Projects/_Sugar\ Maple/build/evidence/product-review-2026-10-01/DerivedData/Build/Intermediates.noindex
    export PROJECT_UNIQUE_VALUE\=VYZ5O6XA
    export PROVISIONING_PROFILE_REQUIRED\=NO
    export PROVISIONING_PROFILE_REQUIRED_YES_YES\=YES
    export PROVISIONING_PROFILE_SUPPORTED\=YES
    export PUBLIC_HEADERS_FOLDER_PATH\=Sugar\ Maple.app/Contents/Headers
    export RECOMMENDED_MACOSX_DEPLOYMENT_TARGET\=14.0
    export RECURSIVE_SEARCH_PATHS_FOLLOW_SYMLINKS\=YES
    export REGISTER_APP_GROUPS\=YES
    export REMOVE_CVS_FROM_RESOURCES\=YES
    export REMOVE_GIT_FROM_RESOURCES\=YES
    export REMOVE_HEADERS_FROM_EMBEDDED_BUNDLES\=YES
    export REMOVE_HG_FROM_RESOURCES\=YES
    export REMOVE_STATIC_EXECUTABLES_FROM_EMBEDDED_BUNDLES\=YES
    export REMOVE_SVN_FROM_RESOURCES\=YES
    export RESCHEDULE_INDEPENDENT_HEADERS_PHASES\=YES
    export REZ_COLLECTOR_DIR\=/Users/riabuz/Projects/_Sugar\ Maple/build/evidence/product-review-2026-10-01/DerivedData/Build/Intermediates.noindex/Sugar\ Maple.build/Debug/Sugar\ Maple.build/ResourceManagerResources
    export REZ_OBJECTS_DIR\=/Users/riabuz/Projects/_Sugar\ Maple/build/evidence/product-review-2026-10-01/DerivedData/Build/Intermediates.noindex/Sugar\ Maple.build/Debug/Sugar\ Maple.build/ResourceManagerResources/Objects
    export REZ_SEARCH_PATHS\=/Users/riabuz/Projects/_Sugar\ Maple/build/evidence/product-review-2026-10-01/DerivedData/Build/Products/Debug\
    export RPATH_ORIGIN\=@loader_path
    export RUNTIME_EXCEPTION_ALLOW_DYLD_ENVIRONMENT_VARIABLES\=NO
    export RUNTIME_EXCEPTION_ALLOW_JIT\=NO
    export RUNTIME_EXCEPTION_ALLOW_UNSIGNED_EXECUTABLE_MEMORY\=NO
    export RUNTIME_EXCEPTION_DEBUGGING_TOOL\=NO
    export RUNTIME_EXCEPTION_DISABLE_EXECUTABLE_PAGE_PROTECTION\=NO
    export RUNTIME_EXCEPTION_DISABLE_LIBRARY_VALIDATION\=NO
    export SCANNING_PCM_KEEP_CACHE_DIRECTORY\=YES
    export SCAN_ALL_SOURCE_FILES_FOR_INCLUDES\=NO
    export SCRIPTS_FOLDER_PATH\=Sugar\ Maple.app/Contents/Resources/Scripts
    export SCRIPT_INPUT_FILE_COUNT\=0
    export SCRIPT_INPUT_FILE_LIST_COUNT\=0
    export SCRIPT_OUTPUT_FILE_COUNT\=0
    export SCRIPT_OUTPUT_FILE_LIST_COUNT\=0
    export SDKROOT\=/Applications/Xcode.app/Contents/Developer/Platforms/MacOSX.platform/Developer/SDKs/MacOSX27.0.sdk
    export SDK_DIR\=/Applications/Xcode.app/Contents/Developer/Platforms/MacOSX.platform/Developer/SDKs/MacOSX27.0.sdk
    export SDK_DIR_macosx\=/Applications/Xcode.app/Contents/Developer/Platforms/MacOSX.platform/Developer/SDKs/MacOSX27.0.sdk
    export SDK_DIR_macosx27_0\=/Applications/Xcode.app/Contents/Developer/Platforms/MacOSX.platform/Developer/SDKs/MacOSX27.0.sdk
    export SDK_NAME\=macosx27.0
    export SDK_NAMES\=macosx27.0
    export SDK_PRODUCT_BUILD_VERSION\=26A425
    export SDK_STAT_CACHE_DIR\=/Users/riabuz/Projects/_Sugar\ Maple/build/evidence/product-review-2026-10-01/DerivedData
    export SDK_STAT_CACHE_ENABLE\=YES
    export SDK_STAT_CACHE_PATH\=/Users/riabuz/Projects/_Sugar\ Maple/build/evidence/product-review-2026-10-01/DerivedData/SDKStatCaches.noindex/macosx27.0-26A425-7231f6df4def33e022ae2eb8f782df1a.sdkstatcache
    export SDK_VERSION\=27.0
    export SDK_VERSION_ACTUAL\=270000
    export SDK_VERSION_MAJOR\=270000
    export SDK_VERSION_MINOR\=270000
    export SED\=/usr/bin/sed
    export SEPARATE_STRIP\=NO
    export SEPARATE_SYMBOL_EDIT\=NO
    export SET_DIR_MODE_OWNER_GROUP\=YES
    export SET_FILE_MODE_OWNER_GROUP\=NO
    export SHALLOW_BUNDLE\=NO
    export SHALLOW_BUNDLE_PLATFORM\=NO
    export SHALLOW_BUNDLE_TRIPLE\=macos
    export SHALLOW_BUNDLE_ios_macabi\=NO
    export SHALLOW_BUNDLE_macos\=NO
    export SHARED_DERIVED_FILE_DIR\=/Users/riabuz/Projects/_Sugar\ Maple/build/evidence/product-review-2026-10-01/DerivedData/Build/Products/Debug/DerivedSources
    export SHARED_FRAMEWORKS_FOLDER_PATH\=Sugar\ Maple.app/Contents/SharedFrameworks
    export SHARED_PRECOMPS_DIR\=/Users/riabuz/Projects/_Sugar\ Maple/build/evidence/product-review-2026-10-01/DerivedData/Build/Intermediates.noindex/PrecompiledHeaders
    export SHARED_SUPPORT_FOLDER_PATH\=Sugar\ Maple.app/Contents/SharedSupport
    export SKIP_COPYING_TEST_FRAMEWORKS\=YES
    export SKIP_INSTALL\=NO
    export SKIP_MERGEABLE_LIBRARY_BUNDLE_HOOK\=NO
    export SOURCE_ROOT\=/Users/riabuz/Projects/_Sugar\ Maple/src/apple
    export SRCROOT\=/Users/riabuz/Projects/_Sugar\ Maple/src/apple
    export STRINGSDATA_DIR\=/Users/riabuz/Projects/_Sugar\ Maple/build/evidence/product-review-2026-10-01/DerivedData/Build/Intermediates.noindex/Sugar\ Maple.build/Debug/Sugar\ Maple.build/Objects-normal/undefined_arch
    export STRINGSDATA_ROOT\=/Users/riabuz/Projects/_Sugar\ Maple/build/evidence/product-review-2026-10-01/DerivedData/Build/Intermediates.noindex/Sugar\ Maple.build/Debug/Sugar\ Maple.build
    export STRINGS_FILE_INFOPLIST_RENAME\=YES
    export STRINGS_FILE_OUTPUT_ENCODING\=UTF-16
    export STRING_CATALOG_GENERATE_SYMBOLS\=YES
    export STRIP_BITCODE_FROM_COPIED_FILES\=NO
    export STRIP_INSTALLED_PRODUCT\=NO
    export STRIP_PNG_TEXT\=NO
    export STRIP_STYLE\=all
    export STRIP_SWIFT_SYMBOLS\=YES
    export SUPPORTED_PLATFORMS\=macosx
    export SUPPORTS_MACCATALYST\=NO
    export SUPPORTS_ON_DEMAND_RESOURCES\=NO
    export SUPPORTS_TEXT_BASED_API\=NO
    export SUPPRESS_WARNINGS\=NO
    export SWIFTC_PASS_SDKROOT\=YES
    export SWIFTC_PASS_SYSROOT\=NO
    export SWIFT_ACTIVE_COMPILATION_CONDITIONS\=DEBUG\
    export SWIFT_APPROACHABLE_CONCURRENCY\=YES
    export SWIFT_COLOR_DIAGNOSTICS\=NO
    export SWIFT_DEFAULT_ACTOR_ISOLATION\=nonisolated
    export SWIFT_EMIT_CONST_VALUE_PROTOCOLS\=AnyResolverProviding\ AppEntity\ AppEnum\ AppExtension\ AppIntent\ AppIntentsPackage\ AppShortcutProviding\ AppShortcutsProvider\ AppUnionValue\ AppUnionValueCasesProviding\ DynamicOptionsProvider\ EntityQuery\ ExtensionPointDefining\ IntentValueQuery\ Resolver\ TransientEntity\ _AssistantIntentsProvider\ _GenerativeFunctionExtractable\ _IntentValueRepresentable
    export SWIFT_EMIT_LOC_STRINGS\=YES
    export SWIFT_ENABLE_EXPLICIT_MODULES\=YES
    export SWIFT_ENABLE_TESTABILITY\=YES
    export SWIFT_OPTIMIZATION_LEVEL\=-Onone
    export SWIFT_PLATFORM_TARGET_PREFIX\=macos
    export SWIFT_RESPONSE_FILE_PATH_normal_arm64\=/Users/riabuz/Projects/_Sugar\ Maple/build/evidence/product-review-2026-10-01/DerivedData/Build/Intermediates.noindex/Sugar\ Maple.build/Debug/Sugar\ Maple.build/Objects-normal/arm64/Sugar\ Maple.SwiftFileList
    export SWIFT_UPCOMING_FEATURE_MEMBER_IMPORT_VISIBILITY\=YES
    export SWIFT_VERSION\=5.0
    export SYMROOT\=/Users/riabuz/Projects/_Sugar\ Maple/build/evidence/product-review-2026-10-01/DerivedData/Build/Products
    export SYSROOT\=/Applications/Xcode.app/Contents/Developer/Platforms/MacOSX.platform/Developer/SDKs/MacOSX27.0.sdk
    export SYSTEM_ADMIN_APPS_DIR\=/Applications/Utilities
    export SYSTEM_APPS_DIR\=/Applications
    export SYSTEM_CORE_SERVICES_DIR\=/System/Library/CoreServices
    export SYSTEM_DEMOS_DIR\=/Applications/Extras
    export SYSTEM_DEVELOPER_APPS_DIR\=/Applications/Xcode.app/Contents/Developer/Applications
    export SYSTEM_DEVELOPER_BIN_DIR\=/Applications/Xcode.app/Contents/Developer/usr/bin
    export SYSTEM_DEVELOPER_DEMOS_DIR\=/Applications/Xcode.app/Contents/Developer/Applications/Utilities/Built\ Examples
    export SYSTEM_DEVELOPER_DIR\=/Applications/Xcode.app/Contents/Developer
    export SYSTEM_DEVELOPER_DOC_DIR\=/Applications/Xcode.app/Contents/Developer/ADC\ Reference\ Library
    export SYSTEM_DEVELOPER_GRAPHICS_TOOLS_DIR\=/Applications/Xcode.app/Contents/Developer/Applications/Graphics\ Tools
    export SYSTEM_DEVELOPER_JAVA_TOOLS_DIR\=/Applications/Xcode.app/Contents/Developer/Applications/Java\ Tools
    export SYSTEM_DEVELOPER_PERFORMANCE_TOOLS_DIR\=/Applications/Xcode.app/Contents/Developer/Applications/Performance\ Tools
    export SYSTEM_DEVELOPER_RELEASENOTES_DIR\=/Applications/Xcode.app/Contents/Developer/ADC\ Reference\ Library/releasenotes
    export SYSTEM_DEVELOPER_TOOLS\=/Applications/Xcode.app/Contents/Developer/Tools
    export SYSTEM_DEVELOPER_TOOLS_DOC_DIR\=/Applications/Xcode.app/Contents/Developer/ADC\ Reference\ Library/documentation/DeveloperTools
    export SYSTEM_DEVELOPER_TOOLS_RELEASENOTES_DIR\=/Applications/Xcode.app/Contents/Developer/ADC\ Reference\ Library/releasenotes/DeveloperTools
    export SYSTEM_DEVELOPER_USR_DIR\=/Applications/Xcode.app/Contents/Developer/usr
    export SYSTEM_DEVELOPER_UTILITIES_DIR\=/Applications/Xcode.app/Contents/Developer/Applications/Utilities
    export SYSTEM_DEXT_INSTALL_PATH\=/System/Library/DriverExtensions
    export SYSTEM_DOCUMENTATION_DIR\=/Library/Documentation
    export SYSTEM_EXTENSIONS_FOLDER_PATH\=Sugar\ Maple.app/Contents/Library/SystemExtensions
    export SYSTEM_EXTENSIONS_FOLDER_PATH_SHALLOW_BUNDLE_NO\=Sugar\ Maple.app/Contents/Library/SystemExtensions
    export SYSTEM_EXTENSIONS_FOLDER_PATH_SHALLOW_BUNDLE_YES\=Sugar\ Maple.app/Contents/SystemExtensions
    export SYSTEM_KEXT_INSTALL_PATH\=/System/Library/Extensions
    export SYSTEM_LIBRARY_DIR\=/System/Library
    export TAPI_DEMANGLE\=YES
    export TAPI_ENABLE_PROJECT_HEADERS\=NO
    export TAPI_LANGUAGE\=objective-c
    export TAPI_LANGUAGE_STANDARD\=compiler-default
    export TAPI_USE_SRCROOT\=YES
    export TAPI_VERIFY_MODE\=Pedantic
    export TARGETED_DEVICE_FAMILY\=1,2,7
    export TARGETNAME\=Sugar\ Maple
    export TARGET_BUILD_DIR\=/Users/riabuz/Projects/_Sugar\ Maple/build/evidence/product-review-2026-10-01/DerivedData/Build/Products/Debug
    export TARGET_NAME\=Sugar\ Maple
    export TARGET_TEMP_DIR\=/Users/riabuz/Projects/_Sugar\ Maple/build/evidence/product-review-2026-10-01/DerivedData/Build/Intermediates.noindex/Sugar\ Maple.build/Debug/Sugar\ Maple.build
    export TEMP_DIR\=/Users/riabuz/Projects/_Sugar\ Maple/build/evidence/product-review-2026-10-01/DerivedData/Build/Intermediates.noindex/Sugar\ Maple.build/Debug/Sugar\ Maple.build
    export TEMP_FILES_DIR\=/Users/riabuz/Projects/_Sugar\ Maple/build/evidence/product-review-2026-10-01/DerivedData/Build/Intermediates.noindex/Sugar\ Maple.build/Debug/Sugar\ Maple.build
    export TEMP_FILE_DIR\=/Users/riabuz/Projects/_Sugar\ Maple/build/evidence/product-review-2026-10-01/DerivedData/Build/Intermediates.noindex/Sugar\ Maple.build/Debug/Sugar\ Maple.build
    export TEMP_ROOT\=/Users/riabuz/Projects/_Sugar\ Maple/build/evidence/product-review-2026-10-01/DerivedData/Build/Intermediates.noindex
    export TEMP_SANDBOX_DIR\=/Users/riabuz/Projects/_Sugar\ Maple/build/evidence/product-review-2026-10-01/DerivedData/Build/Intermediates.noindex/TemporaryTaskSandboxes
    export TEST_FRAMEWORK_SEARCH_PATHS\=\ /Applications/Xcode.app/Contents/Developer/Platforms/MacOSX.platform/Developer/Library/Frameworks
    export TEST_LIBRARY_SEARCH_PATHS\=\ /Applications/Xcode.app/Contents/Developer/Platforms/MacOSX.platform/Developer/usr/lib
    export TOOLCHAINS\=com.apple.dt.toolchain.XcodeDefault
    export TOOLCHAIN_DIR\=/Applications/Xcode.app/Contents/Developer/Toolchains/XcodeDefault.xctoolchain
    export TREAT_MISSING_BASELINES_AS_TEST_FAILURES\=NO
    export TREAT_MISSING_SCRIPT_PHASE_OUTPUTS_AS_ERRORS\=NO
    export UID\=501
    export UNINSTALLED_PRODUCTS_DIR\=/Users/riabuz/Projects/_Sugar\ Maple/build/evidence/product-review-2026-10-01/DerivedData/Build/Intermediates.noindex/UninstalledProducts
    export UNLOCALIZED_RESOURCES_FOLDER_PATH\=Sugar\ Maple.app/Contents/Resources
    export UNLOCALIZED_RESOURCES_FOLDER_PATH_SHALLOW_BUNDLE_NO\=Sugar\ Maple.app/Contents/Resources
    export UNLOCALIZED_RESOURCES_FOLDER_PATH_SHALLOW_BUNDLE_YES\=Sugar\ Maple.app/Contents
    export UNSTRIPPED_PRODUCT\=NO
    export USER\=riabuz
    export USER_APPS_DIR\=/Users/riabuz/Applications
    export USER_LIBRARY_DIR\=/Users/riabuz/Library
    export USE_DYNAMIC_NO_PIC\=YES
    export USE_HEADERMAP\=YES
    export USE_HEADER_SYMLINKS\=NO
    export VALIDATE_DEVELOPMENT_ASSET_PATHS\=YES_ERROR
    export VALIDATE_PRODUCT\=NO
    export VALID_ARCHS\=arm64\ arm64e\ arm64e.x1\ i386\ x86_64
    export VERBOSE_PBXCP\=NO
    export VERSIONPLIST_PATH\=Sugar\ Maple.app/Contents/version.plist
    export VERSION_INFO_BUILDER\=riabuz
    export VERSION_INFO_FILE\=Sugar\ Maple_vers.c
    export VERSION_INFO_STRING\=\"@\(\#\)PROGRAM:Sugar\ Maple\ \ PROJECT:Sugar\ Maple-1\"
    export WORKSPACE_DIR\=/Users/riabuz/Projects/_Sugar\ Maple/src/apple/Sugar\ Maple.xcodeproj
    export WRAPPER_EXTENSION\=app
    export WRAPPER_NAME\=Sugar\ Maple.app
    export WRAPPER_SUFFIX\=.app
    export WRAP_ASSET_PACKS_IN_SEPARATE_DIRECTORIES\=NO
    export XCODE_APP_SUPPORT_DIR\=/Applications/Xcode.app/Contents/Developer/Library/Xcode
    export XCODE_PRODUCT_BUILD_VERSION\=27A9269
    export XCODE_VERSION_ACTUAL\=2710
    export XCODE_VERSION_MAJOR\=2700
    export XCODE_VERSION_MINOR\=2710
    export XPCSERVICES_FOLDER_PATH\=Sugar\ Maple.app/Contents/XPCServices
    export YACC\=yacc
    export _BOOL_\=NO
    export _BOOL_NO\=NO
    export _BOOL_YES\=YES
    export _DEVELOPMENT_TEAM_IS_EMPTY\=NO
    export _DISCOVER_COMMAND_LINE_LINKER_INPUTS\=YES
    export _DISCOVER_COMMAND_LINE_LINKER_INPUTS_INCLUDE_WL\=YES
    export _IS_EMPTY_\=YES
    export _LD_MULTIARCH\=YES
    export _MACOSX_DEPLOYMENT_TARGET_IS_EMPTY\=NO
    export _SWIFT_EXPLICIT_MODULES_ALLOW_CXX_INTEROP\=YES
    export _WRAPPER_CONTENTS_DIR\=/Contents
    export _WRAPPER_CONTENTS_DIR_SHALLOW_BUNDLE_NO\=/Contents
    export _WRAPPER_PARENT_PATH\=/..
    export _WRAPPER_PARENT_PATH_SHALLOW_BUNDLE_NO\=/..
    export _WRAPPER_RESOURCES_DIR\=/Resources
    export _WRAPPER_RESOURCES_DIR_SHALLOW_BUNDLE_NO\=/Resources
    export __ARCHS__\=arm64\ x86_64
    export __DIAGNOSE_DEPRECATED_ARCHS\=YES
    export __DIAGNOSE_INVALID_DEPLOYMENT_TARGET_AS_ERROR\=YES
    export __IS_NOT_MACOS\=NO
    export __IS_NOT_MACOS_macosx\=NO
    export __IS_NOT_SIMULATOR\=YES
    export __IS_NOT_SIMULATOR_simulator\=NO
    export __ORIGINAL_SDK_DEFINED_LLVM_TARGET_TRIPLE_SYS\=macos
    export arch\=undefined_arch
    export variant\=normal
    /bin/sh -c /Users/riabuz/Projects/_Sugar\\\ Maple/build/evidence/product-review-2026-10-01/DerivedData/Build/Intermediates.noindex/Sugar\\\ Maple.build/Debug/Sugar\\\ Maple.build/Script-000000000000000150000000.sh

CopySwiftLibs /Users/riabuz/Projects/_Sugar\ Maple/build/evidence/product-review-2026-10-01/DerivedData/Build/Products/Debug/Sugar\ Maple.app (in target 'Sugar Maple' from project 'Sugar Maple')
    cd /Users/riabuz/Projects/_Sugar\ Maple/src/apple
    builtin-swiftStdLibTool --copy --verbose --scan-executable /Users/riabuz/Projects/_Sugar\ Maple/build/evidence/product-review-2026-10-01/DerivedData/Build/Products/Debug/Sugar\ Maple.app/Contents/MacOS/Sugar\ Maple.debug.dylib --scan-folder /Users/riabuz/Projects/_Sugar\ Maple/build/evidence/product-review-2026-10-01/DerivedData/Build/Products/Debug/Sugar\ Maple.app/Contents/Frameworks --scan-folder /Users/riabuz/Projects/_Sugar\ Maple/build/evidence/product-review-2026-10-01/DerivedData/Build/Products/Debug/Sugar\ Maple.app/Contents/PlugIns --scan-folder /Users/riabuz/Projects/_Sugar\ Maple/build/evidence/product-review-2026-10-01/DerivedData/Build/Products/Debug/Sugar\ Maple.app/Contents/Library/SystemExtensions --scan-folder /Users/riabuz/Projects/_Sugar\ Maple/build/evidence/product-review-2026-10-01/DerivedData/Build/Products/Debug/Sugar\ Maple.app/Contents/Extensions --platform macosx --toolchain /Applications/Xcode.app/Contents/Developer/Toolchains/XcodeDefault.xctoolchain --destination /Users/riabuz/Projects/_Sugar\ Maple/build/evidence/product-review-2026-10-01/DerivedData/Build/Products/Debug/Sugar\ Maple.app/Contents/Frameworks --strip-bitcode --strip-bitcode-tool /Applications/Xcode.app/Contents/Developer/Toolchains/XcodeDefault.xctoolchain/usr/bin/bitcode_strip --emit-dependency-info /Users/riabuz/Projects/_Sugar\ Maple/build/evidence/product-review-2026-10-01/DerivedData/Build/Intermediates.noindex/Sugar\ Maple.build/Debug/Sugar\ Maple.build/SwiftStdLibToolInputDependencies.dep --filter-for-swift-os --back-deploy-swift-span
Ignoring --strip-bitcode because --sign was not passed

ExtractAppIntentsMetadata (in target 'Sugar Maple' from project 'Sugar Maple')
    cd /Users/riabuz/Projects/_Sugar\ Maple/src/apple
    /Applications/Xcode.app/Contents/Developer/Toolchains/XcodeDefault.xctoolchain/usr/bin/appintentsmetadataprocessor --toolchain-dir /Applications/Xcode.app/Contents/Developer/Toolchains/XcodeDefault.xctoolchain --module-name Sugar_Maple --sdk-root /Applications/Xcode.app/Contents/Developer/Platforms/MacOSX.platform/Developer/SDKs/MacOSX27.0.sdk --xcode-version 27A9269 --platform-family macOS --deployment-target 15.0 --bundle-identifier io.zubair.SugarMaple --output /Users/riabuz/Projects/_Sugar\ Maple/build/evidence/product-review-2026-10-01/DerivedData/Build/Products/Debug/Sugar\ Maple.app/Contents/Resources --target-triple arm64-apple-macos15.0 --binary-file /Users/riabuz/Projects/_Sugar\ Maple/build/evidence/product-review-2026-10-01/DerivedData/Build/Products/Debug/Sugar\ Maple.app/Contents/MacOS/Sugar\ Maple --dependency-file /Users/riabuz/Projects/_Sugar\ Maple/build/evidence/product-review-2026-10-01/DerivedData/Build/Intermediates.noindex/Sugar\ Maple.build/Debug/Sugar\ Maple.build/Objects-normal/arm64/Sugar\ Maple_dependency_info.dat --stringsdata-file /Users/riabuz/Projects/_Sugar\ Maple/build/evidence/product-review-2026-10-01/DerivedData/Build/Intermediates.noindex/Sugar\ Maple.build/Debug/Sugar\ Maple.build/Objects-normal/arm64/ExtractedAppShortcutsMetadata.stringsdata --source-file-list /Users/riabuz/Projects/_Sugar\ Maple/build/evidence/product-review-2026-10-01/DerivedData/Build/Intermediates.noindex/Sugar\ Maple.build/Debug/Sugar\ Maple.build/Objects-normal/arm64/Sugar\ Maple.SwiftFileList --metadata-file-list /Users/riabuz/Projects/_Sugar\ Maple/build/evidence/product-review-2026-10-01/DerivedData/Build/Intermediates.noindex/Sugar\ Maple.build/Debug/Sugar\ Maple.build/Sugar\ Maple.DependencyMetadataFileList --static-metadata-file-list /Users/riabuz/Projects/_Sugar\ Maple/build/evidence/product-review-2026-10-01/DerivedData/Build/Intermediates.noindex/Sugar\ Maple.build/Debug/Sugar\ Maple.build/Sugar\ Maple.DependencyStaticMetadataFileList --swift-const-vals-list /Users/riabuz/Projects/_Sugar\ Maple/build/evidence/product-review-2026-10-01/DerivedData/Build/Intermediates.noindex/Sugar\ Maple.build/Debug/Sugar\ Maple.build/Objects-normal/arm64/Sugar\ Maple.SwiftConstValuesFileList --compile-time-extraction --deployment-aware-processing --no-app-shortcuts-localization
2026-10-01 00:58:50.489 appintentsmetadataprocessor[45116:69354903] Starting appintentsmetadataprocessor export
2026-10-01 00:58:50.494 appintentsmetadataprocessor[45116:69354903] warning: Metadata extraction skipped, no AppIntents.framework dependency found

RegisterExecutionPolicyException /Users/riabuz/Projects/_Sugar\ Maple/build/evidence/product-review-2026-10-01/DerivedData/Build/Products/Debug/Sugar\ Maple.app (in target 'Sugar Maple' from project 'Sugar Maple')
    cd /Users/riabuz/Projects/_Sugar\ Maple/src/apple
    builtin-RegisterExecutionPolicyException /Users/riabuz/Projects/_Sugar\ Maple/build/evidence/product-review-2026-10-01/DerivedData/Build/Products/Debug/Sugar\ Maple.app

Validate /Users/riabuz/Projects/_Sugar\ Maple/build/evidence/product-review-2026-10-01/DerivedData/Build/Products/Debug/Sugar\ Maple.app (in target 'Sugar Maple' from project 'Sugar Maple')
    cd /Users/riabuz/Projects/_Sugar\ Maple/src/apple
    builtin-validationUtility /Users/riabuz/Projects/_Sugar\ Maple/build/evidence/product-review-2026-10-01/DerivedData/Build/Products/Debug/Sugar\ Maple.app -no-validate-extension -infoplist-subpath Contents/Info.plist

Touch /Users/riabuz/Projects/_Sugar\ Maple/build/evidence/product-review-2026-10-01/DerivedData/Build/Products/Debug/Sugar\ Maple.app (in target 'Sugar Maple' from project 'Sugar Maple')
    cd /Users/riabuz/Projects/_Sugar\ Maple/src/apple
    /usr/bin/touch -c /Users/riabuz/Projects/_Sugar\ Maple/build/evidence/product-review-2026-10-01/DerivedData/Build/Products/Debug/Sugar\ Maple.app

RegisterWithLaunchServices /Users/riabuz/Projects/_Sugar\ Maple/build/evidence/product-review-2026-10-01/DerivedData/Build/Products/Debug/Sugar\ Maple.app (in target 'Sugar Maple' from project 'Sugar Maple')
    cd /Users/riabuz/Projects/_Sugar\ Maple/src/apple
    builtin-lsregisterurl --record-path /Users/riabuz/Projects/_Sugar\ Maple/build/evidence/product-review-2026-10-01/DerivedData/Build/Intermediates.noindex/XCBuildData/registered-launchservices.txt -- /System/Library/Frameworks/CoreServices.framework/Versions/Current/Frameworks/LaunchServices.framework/Versions/Current/Support/lsregister -f -R -trusted /Users/riabuz/Projects/_Sugar\ Maple/build/evidence/product-review-2026-10-01/DerivedData/Build/Products/Debug/Sugar\ Maple.app

PruneExplicitPrecompiledModules /Users/riabuz/Projects/_Sugar Maple/build/evidence/product-review-2026-10-01/DerivedData/Build/Intermediates.noindex/ExplicitPrecompiledModules

PruneExplicitPrecompiledModules /Users/riabuz/Projects/_Sugar Maple/build/evidence/product-review-2026-10-01/DerivedData/Build/Intermediates.noindex/SwiftExplicitPrecompiledModules

PruneExplicitPrecompiledModules /Users/riabuz/Projects/_Sugar Maple/build/evidence/product-review-2026-10-01/DerivedData/SDKExplicitPrecompiledModules

warning: Run script build phase 'Bundle Editor' will be run during every build because it does not specify any outputs. To address this issue, either add output dependencies to the script phase, or configure it to run in every build by unchecking "Based on dependency analysis" in the script phase. (in target 'Sugar Maple' from project 'Sugar Maple')
** BUILD SUCCEEDED **
